cohort_key,screening_year,employment_category_code,employment_category_label,age_band_code,age_band_label,age_lower_inclusive,age_upper_inclusive,sex_code,sex_label,eligible_count,screened_count,screening_participation_rate,normal_a_count,normal_a_rate,normal_b_people_count,normal_b_rate,general_disease_suspected_people_count,general_disease_suspected_rate,cardiometabolic_suspected_people_count,cardiometabolic_suspected_rate,known_condition_people_count,known_condition_rate,status_count_sum_for_quality_check,status_counts_are_nonexclusive,source_null_metric_count,quality_flags
2022:PUBLIC_EDUCATION:LE_19:MALE,2022,PUBLIC_EDUCATION,공무원·교직원,LE_19,19세이하,,19,MALE,남성,347,327,0.94236311,106,0.32415902,205,0.62691131,46,0.14067278,7,0.02140673,1,0.0030581,365,True,9,STATUS_COUNTS_NONEXCLUSIVE|SOURCE_HAS_NULL_NOT_ZERO
2022:PUBLIC_EDUCATION:LE_19:FEMALE,2022,PUBLIC_EDUCATION,공무원·교직원,LE_19,19세이하,,19,FEMALE,여성,71,62,0.87323944,24,0.38709677,27,0.43548387,15,0.24193548,,,,,66,True,13,STATUS_COUNTS_NONEXCLUSIVE|SOURCE_HAS_NULL_NOT_ZERO
2022:PUBLIC_EDUCATION:AGE_20_24:MALE,2022,PUBLIC_EDUCATION,공무원·교직원,AGE_20_24,20~24세,20,24,MALE,남성,72979,39771,0.54496499,8017,0.20157904,29607,0.7444369,10304,0.25908325,1604,0.04033089,267,0.00671343,49799,True,2,STATUS_COUNTS_NONEXCLUSIVE|SOURCE_HAS_NULL_NOT_ZERO
2022:PUBLIC_EDUCATION:AGE_20_24:FEMALE,2022,PUBLIC_EDUCATION,공무원·교직원,AGE_20_24,20~24세,20,24,FEMALE,여성,59091,32612,0.55189454,12923,0.39626518,17877,0.54817245,4430,0.13583957,482,0.01477984,115,0.00352631,35827,True,2,STATUS_COUNTS_NONEXCLUSIVE|SOURCE_HAS_NULL_NOT_ZERO
2022:PUBLIC_EDUCATION:AGE_25_29:MALE,2022,PUBLIC_EDUCATION,공무원·교직원,AGE_25_29,25~29세,25,29,MALE,남성,92719,76047,0.82018788,12750,0.16765947,58835,0.77366629,22641,0.29772378,3707,0.04874617,688,0.00904704,98621,True,2,STATUS_COUNTS_NONEXCLUSIVE|SOURCE_HAS_NULL_NOT_ZERO
2022:PUBLIC_EDUCATION:AGE_25_29:FEMALE,2022,PUBLIC_EDUCATION,공무원·교직원,AGE_25_29,25~29세,25,29,FEMALE,여성,67223,53032,0.78889666,22949,0.43273872,27139,0.51174762,6437,0.12137954,835,0.01574521,240,0.00452557,57600,True,2,STATUS_COUNTS_NONEXCLUSIVE|SOURCE_HAS_NULL_NOT_ZERO
2022:PUBLIC_EDUCATION:AGE_30_34:MALE,2022,PUBLIC_EDUCATION,공무원·교직원,AGE_30_34,30~34세,30,34,MALE,남성,104815,93331,0.89043553,12592,0.13491766,74175,0.79475201,34586,0.37057355,6468,0.06930173,2236,0.02395774,130057,True,2,STATUS_COUNTS_NONEXCLUSIVE|SOURCE_HAS_NULL_NOT_ZERO
2022:PUBLIC_EDUCATION:AGE_30_34:FEMALE,2022,PUBLIC_EDUCATION,공무원·교직원,AGE_30_34,30~34세,30,34,FEMALE,여성,83730,67737,0.80899319,27831,0.41086851,35661,0.52646264,9692,0.14308281,1333,0.01967905,580,0.00856253,75097,True,2,STATUS_COUNTS_NONEXCLUSIVE|SOURCE_HAS_NULL_NOT_ZERO
2022:PUBLIC_EDUCATION:AGE_35_39:MALE,2022,PUBLIC_EDUCATION,공무원·교직원,AGE_35_39,35~39세,35,39,MALE,남성,79716,72853,0.91390687,7515,0.10315292,59406,0.81542284,31191,0.42813611,7134,0.09792322,4271,0.0586249,109517,True,2,STATUS_COUNTS_NONEXCLUSIVE|SOURCE_HAS_NULL_NOT_ZERO
2022:PUBLIC_EDUCATION:AGE_35_39:FEMALE,2022,PUBLIC_EDUCATION,공무원·교직원,AGE_35_39,35~39세,35,39,FEMALE,여성,59391,48013,0.80842215,18145,0.37791848,26500,0.55193385,7651,0.15935268,1388,0.02890884,771,0.01605815,54455,True,2,STATUS_COUNTS_NONEXCLUSIVE|SOURCE_HAS_NULL_NOT_ZERO
2022:PUBLIC_EDUCATION:AGE_40_44:MALE,2022,PUBLIC_EDUCATION,공무원·교직원,AGE_40_44,40~44세,40,44,MALE,남성,104456,97663,0.93496783,7113,0.07283209,81412,0.83360126,48527,0.49688214,11702,0.1198202,12093,0.12382376,160847,True,2,STATUS_COUNTS_NONEXCLUSIVE|SOURCE_HAS_NULL_NOT_ZERO
2022:PUBLIC_EDUCATION:AGE_40_44:FEMALE,2022,PUBLIC_EDUCATION,공무원·교직원,AGE_40_44,40~44세,40,44,FEMALE,여성,101150,87885,0.86885813,18173,0.20678159,62436,0.7104284,22627,0.25746146,3596,0.04091711,3061,0.03482961,109893,True,2,STATUS_COUNTS_NONEXCLUSIVE|SOURCE_HAS_NULL_NOT_ZERO
2022:PUBLIC_EDUCATION:AGE_45_49:MALE,2022,PUBLIC_EDUCATION,공무원·교직원,AGE_45_49,45~49세,45,49,MALE,남성,91124,85210,0.93509942,6208,0.0728553,69577,0.81653562,40187,0.47162305,11229,0.13178031,18243,0.21409459,145444,True,2,STATUS_COUNTS_NONEXCLUSIVE|SOURCE_HAS_NULL_NOT_ZERO
2022:PUBLIC_EDUCATION:AGE_45_49:FEMALE,2022,PUBLIC_EDUCATION,공무원·교직원,AGE_45_49,45~49세,45,49,FEMALE,여성,66755,58323,0.87368736,10544,0.18078631,41775,0.71626974,17555,0.30099618,3749,0.06427996,4685,0.08032852,78308,True,2,STATUS_COUNTS_NONEXCLUSIVE|SOURCE_HAS_NULL_NOT_ZERO
2022:PUBLIC_EDUCATION:AGE_50_54:MALE,2022,PUBLIC_EDUCATION,공무원·교직원,AGE_50_54,50~54세,50,54,MALE,남성,114121,105387,0.9234672,6735,0.06390731,85051,0.80703502,49362,0.46838794,14597,0.13850854,31357,0.29754144,187102,True,2,STATUS_COUNTS_NONEXCLUSIVE|SOURCE_HAS_NULL_NOT_ZERO
2022:PUBLIC_EDUCATION:AGE_50_54:FEMALE,2022,PUBLIC_EDUCATION,공무원·교직원,AGE_50_54,50~54세,50,54,FEMALE,여성,89782,77658,0.8649618,9927,0.12782971,57868,0.7451647,27619,0.35564913,6140,0.07906462,12980,0.16714311,114534,True,0,STATUS_COUNTS_NONEXCLUSIVE
2022:PUBLIC_EDUCATION:AGE_55_59:MALE,2022,PUBLIC_EDUCATION,공무원·교직원,AGE_55_59,55~59세,55,59,MALE,남성,78108,71302,0.91286424,3168,0.04443073,57701,0.80924799,34859,0.48889232,10351,0.14517124,27465,0.38519256,133544,True,2,STATUS_COUNTS_NONEXCLUSIVE|SOURCE_HAS_NULL_NOT_ZERO
2022:PUBLIC_EDUCATION:AGE_55_59:FEMALE,2022,PUBLIC_EDUCATION,공무원·교직원,AGE_55_59,55~59세,55,59,FEMALE,여성,46892,40561,0.86498763,3726,0.09186164,30230,0.74529721,16054,0.39579892,3712,0.09151648,11667,0.28764084,65389,True,2,STATUS_COUNTS_NONEXCLUSIVE|SOURCE_HAS_NULL_NOT_ZERO
2022:PUBLIC_EDUCATION:AGE_60_64:MALE,2022,PUBLIC_EDUCATION,공무원·교직원,AGE_60_64,60~64세,60,64,MALE,남성,43793,36482,0.83305551,970,0.02658845,29867,0.8186777,19664,0.53900554,4946,0.13557371,16769,0.45965133,72216,True,2,STATUS_COUNTS_NONEXCLUSIVE|SOURCE_HAS_NULL_NOT_ZERO
2022:PUBLIC_EDUCATION:AGE_60_64:FEMALE,2022,PUBLIC_EDUCATION,공무원·교직원,AGE_60_64,60~64세,60,64,FEMALE,여성,44477,35866,0.80639432,1557,0.04341159,27818,0.77560921,16756,0.4671834,3699,0.10313389,15049,0.41958958,64879,True,2,STATUS_COUNTS_NONEXCLUSIVE|SOURCE_HAS_NULL_NOT_ZERO
2022:PUBLIC_EDUCATION:AGE_65_69:MALE,2022,PUBLIC_EDUCATION,공무원·교직원,AGE_65_69,65~69세,65,69,MALE,남성,16600,12910,0.77771084,261,0.02021689,10304,0.79814098,7342,0.56870643,1783,0.13810999,7226,0.55972115,26916,True,2,STATUS_COUNTS_NONEXCLUSIVE|SOURCE_HAS_NULL_NOT_ZERO
2022:PUBLIC_EDUCATION:AGE_65_69:FEMALE,2022,PUBLIC_EDUCATION,공무원·교직원,AGE_65_69,65~69세,65,69,FEMALE,여성,30185,24166,0.80059632,276,0.011421,20001,0.82765042,14468,0.59869238,2788,0.1153687,13715,0.5675329,51248,True,0,STATUS_COUNTS_NONEXCLUSIVE
2022:PUBLIC_EDUCATION:AGE_70_74:MALE,2022,PUBLIC_EDUCATION,공무원·교직원,AGE_70_74,70~74세,70,74,MALE,남성,27852,20740,0.74465029,375,0.018081,16021,0.77246866,12700,0.6123433,2670,0.12873674,12911,0.62251688,44677,True,2,STATUS_COUNTS_NONEXCLUSIVE|SOURCE_HAS_NULL_NOT_ZERO
2022:PUBLIC_EDUCATION:AGE_70_74:FEMALE,2022,PUBLIC_EDUCATION,공무원·교직원,AGE_70_74,70~74세,70,74,FEMALE,여성,47720,36058,0.75561609,665,0.01844251,27577,0.76479561,20570,0.5704698,4220,0.11703367,24189,0.67083588,77221,True,2,STATUS_COUNTS_NONEXCLUSIVE|SOURCE_HAS_NULL_NOT_ZERO
2022:PUBLIC_EDUCATION:AGE_75_79:MALE,2022,PUBLIC_EDUCATION,공무원·교직원,AGE_75_79,75~79세,75,79,MALE,남성,18283,12864,0.70360444,153,0.01189366,10039,0.7803949,8648,0.67226368,1763,0.13704913,8255,0.64171331,28858,True,2,STATUS_COUNTS_NONEXCLUSIVE|SOURCE_HAS_NULL_NOT_ZERO
2022:PUBLIC_EDUCATION:AGE_75_79:FEMALE,2022,PUBLIC_EDUCATION,공무원·교직원,AGE_75_79,75~79세,75,79,FEMALE,여성,30077,20318,0.6755328,192,0.00944975,15741,0.77473176,13107,0.64509302,2446,0.12038586,14736,0.72526824,46222,True,2,STATUS_COUNTS_NONEXCLUSIVE|SOURCE_HAS_NULL_NOT_ZERO
2022:PUBLIC_EDUCATION:AGE_80_84:MALE,2022,PUBLIC_EDUCATION,공무원·교직원,AGE_80_84,80~84세,80,84,MALE,남성,25179,14637,0.58131776,138,0.00942816,11835,0.80856733,10874,0.7429118,1971,0.13465874,9288,0.63455626,34106,True,2,STATUS_COUNTS_NONEXCLUSIVE|SOURCE_HAS_NULL_NOT_ZERO
2022:PUBLIC_EDUCATION:AGE_80_84:FEMALE,2022,PUBLIC_EDUCATION,공무원·교직원,AGE_80_84,80~84세,80,84,FEMALE,여성,42889,20887,0.48700133,112,0.00536219,16849,0.80667401,15134,0.72456552,2452,0.11739359,15721,0.75266912,50268,True,2,STATUS_COUNTS_NONEXCLUSIVE|SOURCE_HAS_NULL_NOT_ZERO
2022:PUBLIC_EDUCATION:GE_85:MALE,2022,PUBLIC_EDUCATION,공무원·교직원,GE_85,85세이상,85,,MALE,남성,10285,3854,0.37472047,36,0.00934094,3071,0.79683446,2966,0.76959004,530,0.13751946,2393,0.62091334,8996,True,2,STATUS_COUNTS_NONEXCLUSIVE|SOURCE_HAS_NULL_NOT_ZERO
2022:PUBLIC_EDUCATION:GE_85:FEMALE,2022,PUBLIC_EDUCATION,공무원·교직원,GE_85,85세이상,85,,FEMALE,여성,21240,5277,0.24844633,33,0.00625355,4217,0.79912829,4006,0.75914345,698,0.13227212,3878,0.73488725,12832,True,2,STATUS_COUNTS_NONEXCLUSIVE|SOURCE_HAS_NULL_NOT_ZERO
2022:REGIONAL_INSURED:LE_19:MALE,2022,REGIONAL_INSURED,지역가입자,LE_19,19세이하,,19,MALE,남성,877,47,0.05359179,16,0.34042553,30,0.63829787,6,0.12765957,,,,,52,True,16,STATUS_COUNTS_NONEXCLUSIVE|SOURCE_HAS_NULL_NOT_ZERO
2022:REGIONAL_INSURED:LE_19:FEMALE,2022,REGIONAL_INSURED,지역가입자,LE_19,19세이하,,19,FEMALE,여성,973,66,0.06783145,23,0.34848485,40,0.60606061,7,0.10606061,1,0.01515152,,,71,True,13,STATUS_COUNTS_NONEXCLUSIVE|SOURCE_HAS_NULL_NOT_ZERO
2022:REGIONAL_INSURED:AGE_20_24:MALE,2022,REGIONAL_INSURED,지역가입자,AGE_20_24,20~24세,20,24,MALE,남성,106581,41003,0.3847121,6410,0.15633002,31901,0.77801624,14020,0.3419262,2499,0.06094676,522,0.01273078,55352,True,2,STATUS_COUNTS_NONEXCLUSIVE|SOURCE_HAS_NULL_NOT_ZERO
2022:REGIONAL_INSURED:AGE_20_24:FEMALE,2022,REGIONAL_INSURED,지역가입자,AGE_20_24,20~24세,20,24,FEMALE,여성,127286,68437,0.53766322,23979,0.35038064,40028,0.58488829,12078,0.17648348,1416,0.02069056,345,0.00504113,77846,True,2,STATUS_COUNTS_NONEXCLUSIVE|SOURCE_HAS_NULL_NOT_ZERO
2022:REGIONAL_INSURED:AGE_25_29:MALE,2022,REGIONAL_INSURED,지역가입자,AGE_25_29,25~29세,25,29,MALE,남성,112642,64002,0.56818949,7554,0.11802756,51923,0.81127152,27196,0.42492422,5011,0.07829443,999,0.01560889,92683,True,2,STATUS_COUNTS_NONEXCLUSIVE|SOURCE_HAS_NULL_NOT_ZERO
2022:REGIONAL_INSURED:AGE_25_29:FEMALE,2022,REGIONAL_INSURED,지역가입자,AGE_25_29,25~29세,25,29,FEMALE,여성,117159,78411,0.66926997,28504,0.36352042,44764,0.57088929,14402,0.18367321,2033,0.02592748,620,0.00790705,90323,True,2,STATUS_COUNTS_NONEXCLUSIVE|SOURCE_HAS_NULL_NOT_ZERO
2022:REGIONAL_INSURED:AGE_30_34:MALE,2022,REGIONAL_INSURED,지역가입자,AGE_30_34,30~34세,30,34,MALE,남성,208074,114175,0.54872305,12056,0.10559229,92339,0.80874973,55513,0.48620977,12528,0.1097263,3916,0.03429823,176352,True,2,STATUS_COUNTS_NONEXCLUSIVE|SOURCE_HAS_NULL_NOT_ZERO
2022:REGIONAL_INSURED:AGE_30_34:FEMALE,2022,REGIONAL_INSURED,지역가입자,AGE_30_34,30~34세,30,34,FEMALE,여성,199296,118285,0.59351417,40035,0.33846219,69325,0.58608446,24895,0.21046625,4627,0.03911739,1877,0.01586845,140759,True,2,STATUS_COUNTS_NONEXCLUSIVE|SOURCE_HAS_NULL_NOT_ZERO
2022:REGIONAL_INSURED:AGE_35_39:MALE,2022,REGIONAL_INSURED,지역가입자,AGE_35_39,35~39세,35,39,MALE,남성,151257,76568,0.50621128,5236,0.06838366,63799,0.8332332,43584,0.56921952,11808,0.15421586,5923,0.07735608,130350,True,2,STATUS_COUNTS_NONEXCLUSIVE|SOURCE_HAS_NULL_NOT_ZERO
2022:REGIONAL_INSURED:AGE_35_39:FEMALE,2022,REGIONAL_INSURED,지역가입자,AGE_35_39,35~39세,35,39,FEMALE,여성,145907,79956,0.5479929,23658,0.29588774,49315,0.61677673,19754,0.24706088,4413,0.05519286,2435,0.03045425,99575,True,2,STATUS_COUNTS_NONEXCLUSIVE|SOURCE_HAS_NULL_NOT_ZERO
2022:REGIONAL_INSURED:AGE_40_44:MALE,2022,REGIONAL_INSURED,지역가입자,AGE_40_44,40~44세,40,44,MALE,남성,330206,207242,0.62761428,9400,0.0453576,175546,0.84705803,129938,0.62698681,36961,0.17834705,31192,0.15051003,383037,True,2,STATUS_COUNTS_NONEXCLUSIVE|SOURCE_HAS_NULL_NOT_ZERO
2022:REGIONAL_INSURED:AGE_40_44:FEMALE,2022,REGIONAL_INSURED,지역가입자,AGE_40_44,40~44세,40,44,FEMALE,여성,312825,205997,0.65850555,31736,0.1540605,154726,0.75110803,73186,0.35527702,14959,0.07261756,12734,0.06181643,287341,True,2,STATUS_COUNTS_NONEXCLUSIVE|SOURCE_HAS_NULL_NOT_ZERO
2022:REGIONAL_INSURED:AGE_45_49:MALE,2022,REGIONAL_INSURED,지역가입자,AGE_45_49,45~49세,45,49,MALE,남성,250674,157633,0.62883666,6780,0.0430113,130725,0.8292997,94715,0.60085769,29973,0.1901442,37370,0.23706965,299563,True,2,STATUS_COUNTS_NONEXCLUSIVE|SOURCE_HAS_NULL_NOT_ZERO
2022:REGIONAL_INSURED:AGE_45_49:FEMALE,2022,REGIONAL_INSURED,지역가입자,AGE_45_49,45~49세,45,49,FEMALE,여성,243300,164505,0.67614057,21719,0.13202638,123888,0.75309565,63218,0.38429227,14852,0.09028297,18511,0.11252546,242188,True,2,STATUS_COUNTS_NONEXCLUSIVE|SOURCE_HAS_NULL_NOT_ZERO
2022:REGIONAL_INSURED:AGE_50_54:MALE,2022,REGIONAL_INSURED,지역가입자,AGE_50_54,50~54세,50,54,MALE,남성,423072,247016,0.58386279,11477,0.04646258,199378,0.8071461,136427,0.55230026,45889,0.18577339,78212,0.31662726,471383,True,2,STATUS_COUNTS_NONEXCLUSIVE|SOURCE_HAS_NULL_NOT_ZERO
2022:REGIONAL_INSURED:AGE_50_54:FEMALE,2022,REGIONAL_INSURED,지역가입자,AGE_50_54,50~54세,50,54,FEMALE,여성,420618,278788,0.66280568,26744,0.09592952,214702,0.7701264,117240,0.4205346,29224,0.10482517,57008,0.20448513,444918,True,0,STATUS_COUNTS_NONEXCLUSIVE
2022:REGIONAL_INSURED:AGE_55_59:MALE,2022,REGIONAL_INSURED,지역가입자,AGE_55_59,55~59세,55,59,MALE,남성,281262,174497,0.62040731,5909,0.03386305,140552,0.80546944,98644,0.56530485,30864,0.1768741,70813,0.40581213,346782,True,2,STATUS_COUNTS_NONEXCLUSIVE|SOURCE_HAS_NULL_NOT_ZERO
2022:REGIONAL_INSURED:AGE_55_59:FEMALE,2022,REGIONAL_INSURED,지역가입자,AGE_55_59,55~59세,55,59,FEMALE,여성,286438,201617,0.70387658,13785,0.06837221,154378,0.76569932,91551,0.45408373,22701,0.11259467,65888,0.32679784,348303,True,2,STATUS_COUNTS_NONEXCLUSIVE|SOURCE_HAS_NULL_NOT_ZERO
2022:REGIONAL_INSURED:AGE_60_64:MALE,2022,REGIONAL_INSURED,지역가입자,AGE_60_64,60~64세,60,64,MALE,남성,475397,321082,0.67539762,7235,0.02253318,260249,0.8105375,186019,0.57935045,50587,0.15755165,157231,0.48969111,661321,True,2,STATUS_COUNTS_NONEXCLUSIVE|SOURCE_HAS_NULL_NOT_ZERO
2022:REGIONAL_INSURED:AGE_60_64:FEMALE,2022,REGIONAL_INSURED,지역가입자,AGE_60_64,60~64세,60,64,FEMALE,여성,485491,349670,0.72023992,14309,0.04092144,273018,0.7807876,173304,0.49562159,40522,0.11588641,153502,0.43899105,654655,True,2,STATUS_COUNTS_NONEXCLUSIVE|SOURCE_HAS_NULL_NOT_ZERO
2022:REGIONAL_INSURED:AGE_65_69:MALE,2022,REGIONAL_INSURED,지역가입자,AGE_65_69,65~69세,65,69,MALE,남성,258961,188190,0.72671174,3857,0.02049524,149749,0.79573304,109574,0.58225198,27102,0.14401403,106287,0.56478559,396569,True,2,STATUS_COUNTS_NONEXCLUSIVE|SOURCE_HAS_NULL_NOT_ZERO
2022:REGIONAL_INSURED:AGE_65_69:FEMALE,2022,REGIONAL_INSURED,지역가입자,AGE_65_69,65~69세,65,69,FEMALE,여성,258318,195226,0.75575841,2189,0.01121265,162382,0.83176421,120038,0.61486687,23605,0.12091115,107744,0.5518937,415958,True,0,STATUS_COUNTS_NONEXCLUSIVE
2022:REGIONAL_INSURED:AGE_70_74:MALE,2022,REGIONAL_INSURED,지역가입자,AGE_70_74,70~74세,70,74,MALE,남성,246038,179442,0.72932636,3150,0.01755442,138970,0.77445637,108399,0.60408934,24403,0.1359938,110951,0.61831121,385873,True,2,STATUS_COUNTS_NONEXCLUSIVE|SOURCE_HAS_NULL_NOT_ZERO
2022:REGIONAL_INSURED:AGE_70_74:FEMALE,2022,REGIONAL_INSURED,지역가입자,AGE_70_74,70~74세,70,74,FEMALE,여성,255074,186256,0.73020378,3696,0.01984366,143425,0.77004231,105584,0.5668757,22457,0.12057061,122025,0.65514668,397187,True,2,STATUS_COUNTS_NONEXCLUSIVE|SOURCE_HAS_NULL_NOT_ZERO
2022:REGIONAL_INSURED:AGE_75_79:MALE,2022,REGIONAL_INSURED,지역가입자,AGE_75_79,75~79세,75,79,MALE,남성,98978,70192,0.70916769,830,0.01182471,54962,0.78302371,46860,0.66759745,9506,0.13542854,45609,0.6497749,157767,True,2,STATUS_COUNTS_NONEXCLUSIVE|SOURCE_HAS_NULL_NOT_ZERO
2022:REGIONAL_INSURED:AGE_75_79:FEMALE,2022,REGIONAL_INSURED,지역가입자,AGE_75_79,75~79세,75,79,FEMALE,여성,111782,73986,0.66187758,628,0.00848809,57986,0.78374287,48098,0.65009596,9106,0.12307734,53274,0.72005515,169092,True,2,STATUS_COUNTS_NONEXCLUSIVE|SOURCE_HAS_NULL_NOT_ZERO
2022:REGIONAL_INSURED:AGE_80_84:MALE,2022,REGIONAL_INSURED,지역가입자,AGE_80_84,80~84세,80,84,MALE,남성,93363,56263,0.60262631,413,0.00734053,45569,0.80992837,41529,0.73812274,7855,0.13961218,36867,0.6552619,132233,True,2,STATUS_COUNTS_NONEXCLUSIVE|SOURCE_HAS_NULL_NOT_ZERO
2022:REGIONAL_INSURED:AGE_80_84:FEMALE,2022,REGIONAL_INSURED,지역가입자,AGE_80_84,80~84세,80,84,FEMALE,여성,131283,61603,0.46923821,298,0.00483743,50092,0.81314222,45359,0.73631154,7374,0.11970196,46300,0.75158677,149423,True,2,STATUS_COUNTS_NONEXCLUSIVE|SOURCE_HAS_NULL_NOT_ZERO
2022:REGIONAL_INSURED:GE_85:MALE,2022,REGIONAL_INSURED,지역가입자,GE_85,85세이상,85,,MALE,남성,34752,14001,0.40288329,95,0.00678523,11049,0.78915792,11089,0.79201486,2074,0.14813228,9084,0.6488108,33391,True,2,STATUS_COUNTS_NONEXCLUSIVE|SOURCE_HAS_NULL_NOT_ZERO
2022:REGIONAL_INSURED:GE_85:FEMALE,2022,REGIONAL_INSURED,지역가입자,GE_85,85세이상,85,,FEMALE,여성,86655,21296,0.24575616,116,0.00544703,17271,0.81099737,16712,0.78474831,2896,0.13598798,15361,0.72130917,52356,True,2,STATUS_COUNTS_NONEXCLUSIVE|SOURCE_HAS_NULL_NOT_ZERO
2022:EMPLOYEE_INSURED:LE_19:MALE,2022,EMPLOYEE_INSURED,직장가입자,LE_19,19세이하,,19,MALE,남성,8067,7257,0.89959093,1555,0.21427587,5213,0.71834091,2069,0.28510404,325,0.04478435,79,0.01088604,9241,True,4,STATUS_COUNTS_NONEXCLUSIVE|SOURCE_HAS_NULL_NOT_ZERO
2022:EMPLOYEE_INSURED:LE_19:FEMALE,2022,EMPLOYEE_INSURED,직장가입자,LE_19,19세이하,,19,FEMALE,여성,5200,4599,0.88442308,1519,0.33028919,2780,0.60447923,840,0.1826484,96,0.0208741,20,0.00434877,5255,True,4,STATUS_COUNTS_NONEXCLUSIVE|SOURCE_HAS_NULL_NOT_ZERO
2022:EMPLOYEE_INSURED:AGE_20_24:MALE,2022,EMPLOYEE_INSURED,직장가입자,AGE_20_24,20~24세,20,24,MALE,남성,385768,173979,0.45099386,29365,0.16878474,133299,0.76617868,56247,0.32329764,9954,0.0572138,1993,0.01145541,230858,True,2,STATUS_COUNTS_NONEXCLUSIVE|SOURCE_HAS_NULL_NOT_ZERO
2022:EMPLOYEE_INSURED:AGE_20_24:FEMALE,2022,EMPLOYEE_INSURED,직장가입자,AGE_20_24,20~24세,20,24,FEMALE,여성,449605,268833,0.59793152,96965,0.36068861,155431,0.57816935,44135,0.16417255,5559,0.02067826,1341,0.00498823,303431,True,2,STATUS_COUNTS_NONEXCLUSIVE|SOURCE_HAS_NULL_NOT_ZERO
2022:EMPLOYEE_INSURED:AGE_25_29:MALE,2022,EMPLOYEE_INSURED,직장가입자,AGE_25_29,25~29세,25,29,MALE,남성,634551,502149,0.79134538,68931,0.137272,398778,0.79414277,191556,0.38147243,36732,0.0731496,6890,0.01372103,702887,True,2,STATUS_COUNTS_NONEXCLUSIVE|SOURCE_HAS_NULL_NOT_ZERO
2022:EMPLOYEE_INSURED:AGE_25_29:FEMALE,2022,EMPLOYEE_INSURED,직장가입자,AGE_25_29,25~29세,25,29,FEMALE,여성,574187,474957,0.82718174,178876,0.37661515,266294,0.5606697,79390,0.16715197,12199,0.02568443,3369,0.00709327,540128,True,2,STATUS_COUNTS_NONEXCLUSIVE|SOURCE_HAS_NULL_NOT_ZERO
2022:EMPLOYEE_INSURED:AGE_30_34:MALE,2022,EMPLOYEE_INSURED,직장가입자,AGE_30_34,30~34세,30,34,MALE,남성,781269,650353,0.8324316,73308,0.11272032,524634,0.80669114,297942,0.45812351,67458,0.10372521,20868,0.03208719,984210,True,2,STATUS_COUNTS_NONEXCLUSIVE|SOURCE_HAS_NULL_NOT_ZERO
2022:EMPLOYEE_INSURED:AGE_30_34:FEMALE,2022,EMPLOYEE_INSURED,직장가입자,AGE_30_34,30~34세,30,34,FEMALE,여성,616051,488335,0.792686,169985,0.34809096,283616,0.58078164,95927,0.19643687,18055,0.03697257,7141,0.01462316,574724,True,2,STATUS_COUNTS_NONEXCLUSIVE|SOURCE_HAS_NULL_NOT_ZERO
2022:EMPLOYEE_INSURED:AGE_35_39:MALE,2022,EMPLOYEE_INSURED,직장가입자,AGE_35_39,35~39세,35,39,MALE,남성,729769,625883,0.85764536,50756,0.08109503,518223,0.82798702,326710,0.52199852,86234,0.13777974,48656,0.07773977,1030579,True,2,STATUS_COUNTS_NONEXCLUSIVE|SOURCE_HAS_NULL_NOT_ZERO
2022:EMPLOYEE_INSURED:AGE_35_39:FEMALE,2022,EMPLOYEE_INSURED,직장가입자,AGE_35_39,35~39세,35,39,FEMALE,여성,515596,398491,0.7728745,120779,0.30309091,244839,0.61441538,92011,0.23089856,20844,0.05230733,11852,0.0297422,490325,True,2,STATUS_COUNTS_NONEXCLUSIVE|SOURCE_HAS_NULL_NOT_ZERO
2022:EMPLOYEE_INSURED:AGE_40_44:MALE,2022,EMPLOYEE_INSURED,직장가입자,AGE_40_44,40~44세,40,44,MALE,남성,936922,821296,0.87658951,45716,0.05566324,694488,0.84560012,470638,0.57304309,127338,0.1550452,122203,0.14879288,1460383,True,2,STATUS_COUNTS_NONEXCLUSIVE|SOURCE_HAS_NULL_NOT_ZERO
2022:EMPLOYEE_INSURED:AGE_40_44:FEMALE,2022,EMPLOYEE_INSURED,직장가입자,AGE_40_44,40~44세,40,44,FEMALE,여성,754887,612947,0.81197186,107087,0.17470842,450992,0.7357765,193785,0.31615295,41151,0.06713631,36844,0.0601096,829859,True,2,STATUS_COUNTS_NONEXCLUSIVE|SOURCE_HAS_NULL_NOT_ZERO
2022:EMPLOYEE_INSURED:AGE_45_49:MALE,2022,EMPLOYEE_INSURED,직장가입자,AGE_45_49,45~49세,45,49,MALE,남성,796583,685761,0.86087828,39625,0.05778252,566026,0.82539835,364541,0.53158608,112659,0.16428318,160860,0.23457152,1243711,True,2,STATUS_COUNTS_NONEXCLUSIVE|SOURCE_HAS_NULL_NOT_ZERO
2022:EMPLOYEE_INSURED:AGE_45_49:FEMALE,2022,EMPLOYEE_INSURED,직장가입자,AGE_45_49,45~49세,45,49,FEMALE,여성,657405,544311,0.82796906,87996,0.16166493,396557,0.72854857,178054,0.32711814,45495,0.08358273,62207,0.11428577,770309,True,2,STATUS_COUNTS_NONEXCLUSIVE|SOURCE_HAS_NULL_NOT_ZERO
2022:EMPLOYEE_INSURED:AGE_50_54:MALE,2022,EMPLOYEE_INSURED,직장가입자,AGE_50_54,50~54세,50,54,MALE,남성,927578,777879,0.83861303,40698,0.05231919,633328,0.8141729,394403,0.50702359,127204,0.16352672,244266,0.31401542,1439899,True,2,STATUS_COUNTS_NONEXCLUSIVE|SOURCE_HAS_NULL_NOT_ZERO
2022:EMPLOYEE_INSURED:AGE_50_54:FEMALE,2022,EMPLOYEE_INSURED,직장가입자,AGE_50_54,50~54세,50,54,FEMALE,여성,875985,727574,0.83057815,85123,0.11699566,546583,0.75124042,268811,0.36946208,71280,0.09796942,148847,0.20457988,1120644,True,0,STATUS_COUNTS_NONEXCLUSIVE
2022:EMPLOYEE_INSURED:AGE_55_59:MALE,2022,EMPLOYEE_INSURED,직장가입자,AGE_55_59,55~59세,55,59,MALE,남성,710312,591839,0.83320991,24665,0.04167519,477823,0.80735301,294926,0.49832133,96008,0.16221979,230819,0.39000302,1124241,True,2,STATUS_COUNTS_NONEXCLUSIVE|SOURCE_HAS_NULL_NOT_ZERO
2022:EMPLOYEE_INSURED:AGE_55_59:FEMALE,2022,EMPLOYEE_INSURED,직장가입자,AGE_55_59,55~59세,55,59,FEMALE,여성,676116,577608,0.85430311,54400,0.09418152,427011,0.73927473,221006,0.38262282,58709,0.1016416,186960,0.32367973,948086,True,2,STATUS_COUNTS_NONEXCLUSIVE|SOURCE_HAS_NULL_NOT_ZERO
2022:EMPLOYEE_INSURED:AGE_60_64:MALE,2022,EMPLOYEE_INSURED,직장가입자,AGE_60_64,60~64세,60,64,MALE,남성,714375,580547,0.81266422,16186,0.0278806,468520,0.80703199,309830,0.53368633,87847,0.15131764,278247,0.47928419,1160630,True,2,STATUS_COUNTS_NONEXCLUSIVE|SOURCE_HAS_NULL_NOT_ZERO
2022:EMPLOYEE_INSURED:AGE_60_64:FEMALE,2022,EMPLOYEE_INSURED,직장가입자,AGE_60_64,60~64세,60,64,FEMALE,여성,747623,625441,0.83657271,31894,0.05099442,479278,0.7663041,285131,0.45588793,67231,0.10749375,276727,0.44245101,1140261,True,2,STATUS_COUNTS_NONEXCLUSIVE|SOURCE_HAS_NULL_NOT_ZERO
2022:EMPLOYEE_INSURED:AGE_65_69:MALE,2022,EMPLOYEE_INSURED,직장가입자,AGE_65_69,65~69세,65,69,MALE,남성,431115,353534,0.8200457,9305,0.02631996,276787,0.7829148,189897,0.53713929,49194,0.13914928,196419,0.5555873,721602,True,2,STATUS_COUNTS_NONEXCLUSIVE|SOURCE_HAS_NULL_NOT_ZERO
2022:EMPLOYEE_INSURED:AGE_65_69:FEMALE,2022,EMPLOYEE_INSURED,직장가입자,AGE_65_69,65~69세,65,69,FEMALE,여성,432890,361632,0.83539005,8845,0.02445857,289570,0.80073113,202111,0.55888583,41002,0.11338045,200277,0.55381437,741805,True,0,STATUS_COUNTS_NONEXCLUSIVE
2022:EMPLOYEE_INSURED:AGE_70_74:MALE,2022,EMPLOYEE_INSURED,직장가입자,AGE_70_74,70~74세,70,74,MALE,남성,336570,264646,0.786303,4940,0.01866644,204317,0.77203887,157795,0.59624933,35144,0.13279626,163255,0.61688066,565451,True,2,STATUS_COUNTS_NONEXCLUSIVE|SOURCE_HAS_NULL_NOT_ZERO
2022:EMPLOYEE_INSURED:AGE_70_74:FEMALE,2022,EMPLOYEE_INSURED,직장가입자,AGE_70_74,70~74세,70,74,FEMALE,여성,375921,292072,0.77695048,5500,0.01883097,223512,0.76526336,165747,0.56748678,34612,0.11850503,195294,0.6686502,624665,True,2,STATUS_COUNTS_NONEXCLUSIVE|SOURCE_HAS_NULL_NOT_ZERO
2022:EMPLOYEE_INSURED:AGE_75_79:MALE,2022,EMPLOYEE_INSURED,직장가입자,AGE_75_79,75~79세,75,79,MALE,남성,154929,112636,0.72701689,1454,0.01290884,87859,0.78002592,74100,0.65787137,15190,0.13485919,72590,0.64446536,251193,True,2,STATUS_COUNTS_NONEXCLUSIVE|SOURCE_HAS_NULL_NOT_ZERO
2022:EMPLOYEE_INSURED:AGE_75_79:FEMALE,2022,EMPLOYEE_INSURED,직장가입자,AGE_75_79,75~79세,75,79,FEMALE,여성,184064,126015,0.684626,1190,0.00944332,97954,0.77732016,81733,0.64859739,14828,0.11766853,92027,0.73028608,287732,True,2,STATUS_COUNTS_NONEXCLUSIVE|SOURCE_HAS_NULL_NOT_ZERO
2022:EMPLOYEE_INSURED:AGE_80_84:MALE,2022,EMPLOYEE_INSURED,직장가입자,AGE_80_84,80~84세,80,84,MALE,남성,145780,85882,0.58912059,640,0.00745209,69426,0.80838825,63420,0.73845509,12018,0.13993619,56023,0.65232528,201527,True,2,STATUS_COUNTS_NONEXCLUSIVE|SOURCE_HAS_NULL_NOT_ZERO
2022:EMPLOYEE_INSURED:AGE_80_84:FEMALE,2022,EMPLOYEE_INSURED,직장가입자,AGE_80_84,80~84세,80,84,FEMALE,여성,213990,103104,0.48181691,506,0.00490767,83678,0.8115883,75512,0.73238672,12383,0.12010203,78497,0.76133807,250576,True,2,STATUS_COUNTS_NONEXCLUSIVE|SOURCE_HAS_NULL_NOT_ZERO
2022:EMPLOYEE_INSURED:GE_85:MALE,2022,EMPLOYEE_INSURED,직장가입자,GE_85,85세이상,85,,MALE,남성,50935,19134,0.37565525,151,0.00789171,15087,0.78849169,15029,0.78546044,2927,0.15297376,12082,0.63144141,45276,True,2,STATUS_COUNTS_NONEXCLUSIVE|SOURCE_HAS_NULL_NOT_ZERO
2022:EMPLOYEE_INSURED:GE_85:FEMALE,2022,EMPLOYEE_INSURED,직장가입자,GE_85,85세이상,85,,FEMALE,여성,112000,27284,0.24360714,136,0.00498461,22009,0.80666325,21136,0.77466647,3509,0.12861017,20324,0.74490544,67114,True,2,STATUS_COUNTS_NONEXCLUSIVE|SOURCE_HAS_NULL_NOT_ZERO
2023:PUBLIC_EDUCATION:LE_19:MALE,2023,PUBLIC_EDUCATION,공무원·교직원,LE_19,19세이하,,19,MALE,남성,235,230,0.9787234,73,0.3173913,152,0.66086957,29,0.12608696,6,0.02608696,,,260,True,11,STATUS_COUNTS_NONEXCLUSIVE|SOURCE_HAS_NULL_NOT_ZERO
2023:PUBLIC_EDUCATION:LE_19:FEMALE,2023,PUBLIC_EDUCATION,공무원·교직원,LE_19,19세이하,,19,FEMALE,여성,64,58,0.90625,19,0.32758621,35,0.60344828,6,0.10344828,,,,,60,True,17,STATUS_COUNTS_NONEXCLUSIVE|SOURCE_HAS_NULL_NOT_ZERO
2023:PUBLIC_EDUCATION:AGE_20_24:MALE,2023,PUBLIC_EDUCATION,공무원·교직원,AGE_20_24,20~24세,20,24,MALE,남성,61832,37812,0.61152801,7477,0.19774146,28149,0.74444621,10085,0.26671427,1485,0.03927325,252,0.00666455,47448,True,2,STATUS_COUNTS_NONEXCLUSIVE|SOURCE_HAS_NULL_NOT_ZERO
2023:PUBLIC_EDUCATION:AGE_20_24:FEMALE,2023,PUBLIC_EDUCATION,공무원·교직원,AGE_20_24,20~24세,20,24,FEMALE,여성,55075,29926,0.54336813,11966,0.39985297,16251,0.5430395,4228,0.14128183,417,0.01393437,103,0.00344182,32965,True,2,STATUS_COUNTS_NONEXCLUSIVE|SOURCE_HAS_NULL_NOT_ZERO
2023:PUBLIC_EDUCATION:AGE_25_29:MALE,2023,PUBLIC_EDUCATION,공무원·교직원,AGE_25_29,25~29세,25,29,MALE,남성,89409,74740,0.83593374,12305,0.16463741,57868,0.77425743,22823,0.30536527,3652,0.04886272,723,0.00967353,97371,True,2,STATUS_COUNTS_NONEXCLUSIVE|SOURCE_HAS_NULL_NOT_ZERO
2023:PUBLIC_EDUCATION:AGE_25_29:FEMALE,2023,PUBLIC_EDUCATION,공무원·교직원,AGE_25_29,25~29세,25,29,FEMALE,여성,65713,51524,0.78407621,22136,0.42962503,26531,0.51492508,6567,0.12745517,784,0.01521621,267,0.00518205,56285,True,2,STATUS_COUNTS_NONEXCLUSIVE|SOURCE_HAS_NULL_NOT_ZERO
2023:PUBLIC_EDUCATION:AGE_30_34:MALE,2023,PUBLIC_EDUCATION,공무원·교직원,AGE_30_34,30~34세,30,34,MALE,남성,109578,98501,0.89891219,12925,0.13121694,78465,0.7965909,36671,0.37229064,6378,0.06475061,2525,0.02563426,136964,True,2,STATUS_COUNTS_NONEXCLUSIVE|SOURCE_HAS_NULL_NOT_ZERO
2023:PUBLIC_EDUCATION:AGE_30_34:FEMALE,2023,PUBLIC_EDUCATION,공무원·교직원,AGE_30_34,30~34세,30,34,FEMALE,여성,87535,72187,0.82466442,29510,0.40879937,38232,0.52962445,10297,0.14264341,1405,0.01946334,644,0.00892127,80088,True,2,STATUS_COUNTS_NONEXCLUSIVE|SOURCE_HAS_NULL_NOT_ZERO
2023:PUBLIC_EDUCATION:AGE_35_39:MALE,2023,PUBLIC_EDUCATION,공무원·교직원,AGE_35_39,35~39세,35,39,MALE,남성,81157,74391,0.91663073,7561,0.10163864,60711,0.81610679,32156,0.43225659,6649,0.08937909,4674,0.06283018,111751,True,2,STATUS_COUNTS_NONEXCLUSIVE|SOURCE_HAS_NULL_NOT_ZERO
2023:PUBLIC_EDUCATION:AGE_35_39:FEMALE,2023,PUBLIC_EDUCATION,공무원·교직원,AGE_35_39,35~39세,35,39,FEMALE,여성,58712,48116,0.81952582,17567,0.36509685,27122,0.56367944,8019,0.16665974,1325,0.02753762,827,0.01718763,54860,True,2,STATUS_COUNTS_NONEXCLUSIVE|SOURCE_HAS_NULL_NOT_ZERO
2023:PUBLIC_EDUCATION:AGE_40_44:MALE,2023,PUBLIC_EDUCATION,공무원·교직원,AGE_40_44,40~44세,40,44,MALE,남성,104321,98028,0.93967658,6951,0.07090831,81783,0.83428204,48465,0.49439956,10725,0.10940752,13050,0.13312523,160974,True,2,STATUS_COUNTS_NONEXCLUSIVE|SOURCE_HAS_NULL_NOT_ZERO
2023:PUBLIC_EDUCATION:AGE_40_44:FEMALE,2023,PUBLIC_EDUCATION,공무원·교직원,AGE_40_44,40~44세,40,44,FEMALE,여성,102349,89782,0.87721424,18259,0.20337039,63778,0.71036511,23862,0.2657771,3659,0.04075427,3444,0.03835958,113002,True,2,STATUS_COUNTS_NONEXCLUSIVE|SOURCE_HAS_NULL_NOT_ZERO
2023:PUBLIC_EDUCATION:AGE_45_49:MALE,2023,PUBLIC_EDUCATION,공무원·교직원,AGE_45_49,45~49세,45,49,MALE,남성,85217,79848,0.93699614,5959,0.0746293,64783,0.81132903,37239,0.46637361,9729,0.121844,18034,0.22585412,135744,True,2,STATUS_COUNTS_NONEXCLUSIVE|SOURCE_HAS_NULL_NOT_ZERO
2023:PUBLIC_EDUCATION:AGE_45_49:FEMALE,2023,PUBLIC_EDUCATION,공무원·교직원,AGE_45_49,45~49세,45,49,FEMALE,여성,65238,57382,0.87957939,10442,0.18197344,40882,0.71245338,17262,0.30082604,3411,0.05944373,4868,0.08483497,76865,True,2,STATUS_COUNTS_NONEXCLUSIVE|SOURCE_HAS_NULL_NOT_ZERO
2023:PUBLIC_EDUCATION:AGE_50_54:MALE,2023,PUBLIC_EDUCATION,공무원·교직원,AGE_50_54,50~54세,50,54,MALE,남성,110583,102683,0.92856045,6606,0.06433392,82600,0.80441748,48289,0.47027259,13424,0.13073245,31753,0.30923327,182672,True,2,STATUS_COUNTS_NONEXCLUSIVE|SOURCE_HAS_NULL_NOT_ZERO
2023:PUBLIC_EDUCATION:AGE_50_54:FEMALE,2023,PUBLIC_EDUCATION,공무원·교직원,AGE_50_54,50~54세,50,54,FEMALE,여성,89835,78311,0.87172038,9872,0.12606147,58497,0.74698318,27903,0.3563101,5921,0.07560879,13457,0.17184048,115650,True,0,STATUS_COUNTS_NONEXCLUSIVE
2023:PUBLIC_EDUCATION:AGE_55_59:MALE,2023,PUBLIC_EDUCATION,공무원·교직원,AGE_55_59,55~59세,55,59,MALE,남성,78949,72126,0.91357712,3296,0.04569781,58129,0.80593683,34983,0.4850262,9757,0.13527715,28657,0.39731858,134822,True,2,STATUS_COUNTS_NONEXCLUSIVE|SOURCE_HAS_NULL_NOT_ZERO
2023:PUBLIC_EDUCATION:AGE_55_59:FEMALE,2023,PUBLIC_EDUCATION,공무원·교직원,AGE_55_59,55~59세,55,59,FEMALE,여성,47949,41310,0.86154039,3711,0.08983297,30770,0.74485597,16409,0.39721617,3497,0.08465263,12143,0.2939482,66530,True,2,STATUS_COUNTS_NONEXCLUSIVE|SOURCE_HAS_NULL_NOT_ZERO
2023:PUBLIC_EDUCATION:AGE_60_64:MALE,2023,PUBLIC_EDUCATION,공무원·교직원,AGE_60_64,60~64세,60,64,MALE,남성,39031,32247,0.82618944,829,0.02570782,26316,0.81607591,17208,0.53363104,4285,0.13288058,15353,0.4761063,63991,True,2,STATUS_COUNTS_NONEXCLUSIVE|SOURCE_HAS_NULL_NOT_ZERO
2023:PUBLIC_EDUCATION:AGE_60_64:FEMALE,2023,PUBLIC_EDUCATION,공무원·교직원,AGE_60_64,60~64세,60,64,FEMALE,여성,40614,32890,0.80981927,1402,0.04262694,25523,0.77601095,15093,0.45889328,3324,0.10106415,14257,0.43347522,59599,True,2,STATUS_COUNTS_NONEXCLUSIVE|SOURCE_HAS_NULL_NOT_ZERO
2023:PUBLIC_EDUCATION:AGE_65_69:MALE,2023,PUBLIC_EDUCATION,공무원·교직원,AGE_65_69,65~69세,65,69,MALE,남성,16784,13061,0.7781816,268,0.0205191,10352,0.79258862,7632,0.58433504,1776,0.13597734,7405,0.56695506,27433,True,2,STATUS_COUNTS_NONEXCLUSIVE|SOURCE_HAS_NULL_NOT_ZERO
2023:PUBLIC_EDUCATION:AGE_65_69:FEMALE,2023,PUBLIC_EDUCATION,공무원·교직원,AGE_65_69,65~69세,65,69,FEMALE,여성,30226,24240,0.80195858,259,0.01068482,20036,0.82656766,14459,0.5964934,2732,0.11270627,14082,0.58094059,51568,True,0,STATUS_COUNTS_NONEXCLUSIVE
2023:PUBLIC_EDUCATION:AGE_70_74:MALE,2023,PUBLIC_EDUCATION,공무원·교직원,AGE_70_74,70~74세,70,74,MALE,남성,24398,18429,0.7553488,338,0.01834066,14119,0.76612947,11290,0.61262141,2257,0.12247002,11555,0.62700092,39559,True,2,STATUS_COUNTS_NONEXCLUSIVE|SOURCE_HAS_NULL_NOT_ZERO
2023:PUBLIC_EDUCATION:AGE_70_74:FEMALE,2023,PUBLIC_EDUCATION,공무원·교직원,AGE_70_74,70~74세,70,74,FEMALE,여성,42381,32439,0.76541375,560,0.01726317,24826,0.76531336,18303,0.56422824,3467,0.10687752,22184,0.68386818,69340,True,2,STATUS_COUNTS_NONEXCLUSIVE|SOURCE_HAS_NULL_NOT_ZERO
2023:PUBLIC_EDUCATION:AGE_75_79:MALE,2023,PUBLIC_EDUCATION,공무원·교직원,AGE_75_79,75~79세,75,79,MALE,남성,18411,12977,0.70485036,140,0.01078832,10132,0.78076597,8845,0.68159051,1639,0.12630038,8532,0.65747091,29288,True,2,STATUS_COUNTS_NONEXCLUSIVE|SOURCE_HAS_NULL_NOT_ZERO
2023:PUBLIC_EDUCATION:AGE_75_79:FEMALE,2023,PUBLIC_EDUCATION,공무원·교직원,AGE_75_79,75~79세,75,79,FEMALE,여성,30167,20859,0.69145092,170,0.00814996,16257,0.77937581,13487,0.64657941,2393,0.11472266,15449,0.74063953,47756,True,2,STATUS_COUNTS_NONEXCLUSIVE|SOURCE_HAS_NULL_NOT_ZERO
2023:PUBLIC_EDUCATION:AGE_80_84:MALE,2023,PUBLIC_EDUCATION,공무원·교직원,AGE_80_84,80~84세,80,84,MALE,남성,23056,13556,0.58795975,100,0.00737681,10927,0.80606374,10042,0.74077899,1898,0.1400118,8927,0.65852759,31894,True,2,STATUS_COUNTS_NONEXCLUSIVE|SOURCE_HAS_NULL_NOT_ZERO
2023:PUBLIC_EDUCATION:AGE_80_84:FEMALE,2023,PUBLIC_EDUCATION,공무원·교직원,AGE_80_84,80~84세,80,84,FEMALE,여성,39224,19467,0.49630328,93,0.00477732,15728,0.80793137,14056,0.72204243,2241,0.11511789,14845,0.76257256,46963,True,2,STATUS_COUNTS_NONEXCLUSIVE|SOURCE_HAS_NULL_NOT_ZERO
2023:PUBLIC_EDUCATION:GE_85:MALE,2023,PUBLIC_EDUCATION,공무원·교직원,GE_85,85세이상,85,,MALE,남성,10522,4013,0.38139137,33,0.00822327,3142,0.78295539,3124,0.77846997,604,0.15051084,2553,0.63618241,9456,True,2,STATUS_COUNTS_NONEXCLUSIVE|SOURCE_HAS_NULL_NOT_ZERO
2023:PUBLIC_EDUCATION:GE_85:FEMALE,2023,PUBLIC_EDUCATION,공무원·교직원,GE_85,85세이상,85,,FEMALE,여성,20792,5361,0.25783955,31,0.0057825,4341,0.80973699,4020,0.7498601,678,0.12646894,4070,0.75918672,13140,True,2,STATUS_COUNTS_NONEXCLUSIVE|SOURCE_HAS_NULL_NOT_ZERO
2023:REGIONAL_INSURED:LE_19:MALE,2023,REGIONAL_INSURED,지역가입자,LE_19,19세이하,,19,MALE,남성,1065,37,0.03474178,5,0.13513514,29,0.78378378,14,0.37837838,4,0.10810811,,,52,True,10,STATUS_COUNTS_NONEXCLUSIVE|SOURCE_HAS_NULL_NOT_ZERO
2023:REGIONAL_INSURED:LE_19:FEMALE,2023,REGIONAL_INSURED,지역가입자,LE_19,19세이하,,19,FEMALE,여성,1064,54,0.05075188,22,0.40740741,30,0.55555556,6,0.11111111,2,0.03703704,,,60,True,11,STATUS_COUNTS_NONEXCLUSIVE|SOURCE_HAS_NULL_NOT_ZERO
2023:REGIONAL_INSURED:AGE_20_24:MALE,2023,REGIONAL_INSURED,지역가입자,AGE_20_24,20~24세,20,24,MALE,남성,88147,39652,0.44983947,5850,0.14753354,31258,0.78830828,13859,0.34951579,2425,0.06115707,510,0.0128619,53902,True,2,STATUS_COUNTS_NONEXCLUSIVE|SOURCE_HAS_NULL_NOT_ZERO
2023:REGIONAL_INSURED:AGE_20_24:FEMALE,2023,REGIONAL_INSURED,지역가입자,AGE_20_24,20~24세,20,24,FEMALE,여성,117448,63130,0.53751447,22065,0.34951687,36940,0.58514177,11336,0.17956597,1264,0.02002218,381,0.00603517,71986,True,2,STATUS_COUNTS_NONEXCLUSIVE|SOURCE_HAS_NULL_NOT_ZERO
2023:REGIONAL_INSURED:AGE_25_29:MALE,2023,REGIONAL_INSURED,지역가입자,AGE_25_29,25~29세,25,29,MALE,남성,112940,65518,0.58011333,7666,0.11700601,53286,0.81330321,27599,0.42124302,5046,0.077017,1047,0.01598034,94644,True,2,STATUS_COUNTS_NONEXCLUSIVE|SOURCE_HAS_NULL_NOT_ZERO
2023:REGIONAL_INSURED:AGE_25_29:FEMALE,2023,REGIONAL_INSURED,지역가입자,AGE_25_29,25~29세,25,29,FEMALE,여성,116651,78645,0.67419053,28142,0.35783584,45012,0.57234408,15004,0.19078136,2096,0.02665141,665,0.00845572,90919,True,2,STATUS_COUNTS_NONEXCLUSIVE|SOURCE_HAS_NULL_NOT_ZERO
2023:REGIONAL_INSURED:AGE_30_34:MALE,2023,REGIONAL_INSURED,지역가입자,AGE_30_34,30~34세,30,34,MALE,남성,216525,121162,0.55957511,12602,0.10400951,98043,0.80918935,58747,0.48486324,12877,0.1062792,4391,0.03624074,186660,True,2,STATUS_COUNTS_NONEXCLUSIVE|SOURCE_HAS_NULL_NOT_ZERO
2023:REGIONAL_INSURED:AGE_30_34:FEMALE,2023,REGIONAL_INSURED,지역가입자,AGE_30_34,30~34세,30,34,FEMALE,여성,204634,125158,0.61161879,41938,0.33508046,73749,0.58924719,26928,0.21515205,4769,0.03810384,2027,0.01619553,149411,True,2,STATUS_COUNTS_NONEXCLUSIVE|SOURCE_HAS_NULL_NOT_ZERO
2023:REGIONAL_INSURED:AGE_35_39:MALE,2023,REGIONAL_INSURED,지역가입자,AGE_35_39,35~39세,35,39,MALE,남성,147266,76726,0.52100281,5250,0.06842531,63992,0.83403279,43783,0.57064098,11214,0.14615645,6150,0.08015536,130389,True,2,STATUS_COUNTS_NONEXCLUSIVE|SOURCE_HAS_NULL_NOT_ZERO
2023:REGIONAL_INSURED:AGE_35_39:FEMALE,2023,REGIONAL_INSURED,지역가입자,AGE_35_39,35~39세,35,39,FEMALE,여성,143803,82320,0.57244981,23879,0.29007532,51143,0.62127065,20742,0.25196793,4336,0.0526725,2613,0.03174198,102713,True,2,STATUS_COUNTS_NONEXCLUSIVE|SOURCE_HAS_NULL_NOT_ZERO
2023:REGIONAL_INSURED:AGE_40_44:MALE,2023,REGIONAL_INSURED,지역가입자,AGE_40_44,40~44세,40,44,MALE,남성,328691,209259,0.63664353,8983,0.04292766,177392,0.84771503,131505,0.62843175,35861,0.17137136,33587,0.16050445,387328,True,2,STATUS_COUNTS_NONEXCLUSIVE|SOURCE_HAS_NULL_NOT_ZERO
2023:REGIONAL_INSURED:AGE_40_44:FEMALE,2023,REGIONAL_INSURED,지역가입자,AGE_40_44,40~44세,40,44,FEMALE,여성,314855,210948,0.6699846,31031,0.1471026,159412,0.75569335,76362,0.36199443,15115,0.07165273,13868,0.06574132,295788,True,2,STATUS_COUNTS_NONEXCLUSIVE|SOURCE_HAS_NULL_NOT_ZERO
2023:REGIONAL_INSURED:AGE_45_49:MALE,2023,REGIONAL_INSURED,지역가입자,AGE_45_49,45~49세,45,49,MALE,남성,234263,150816,0.64378925,6702,0.04443826,124900,0.82816147,90747,0.60170672,26862,0.17811108,37529,0.24883965,286740,True,2,STATUS_COUNTS_NONEXCLUSIVE|SOURCE_HAS_NULL_NOT_ZERO
2023:REGIONAL_INSURED:AGE_45_49:FEMALE,2023,REGIONAL_INSURED,지역가입자,AGE_45_49,45~49세,45,49,FEMALE,여성,232436,159678,0.6869762,21411,0.1340886,119677,0.7494896,61048,0.38231942,14020,0.0878017,18907,0.11840704,235063,True,2,STATUS_COUNTS_NONEXCLUSIVE|SOURCE_HAS_NULL_NOT_ZERO
2023:REGIONAL_INSURED:AGE_50_54:MALE,2023,REGIONAL_INSURED,지역가입자,AGE_50_54,50~54세,50,54,MALE,남성,420371,249188,0.59278114,11123,0.04463698,201288,0.80777566,138909,0.55744659,43931,0.17629661,82792,0.33224714,478043,True,2,STATUS_COUNTS_NONEXCLUSIVE|SOURCE_HAS_NULL_NOT_ZERO
2023:REGIONAL_INSURED:AGE_50_54:FEMALE,2023,REGIONAL_INSURED,지역가입자,AGE_50_54,50~54세,50,54,FEMALE,여성,417067,280572,0.67272644,26396,0.09407924,216037,0.76998774,118077,0.42084385,28159,0.10036283,58840,0.20971444,447509,True,0,STATUS_COUNTS_NONEXCLUSIVE
2023:REGIONAL_INSURED:AGE_55_59:MALE,2023,REGIONAL_INSURED,지역가입자,AGE_55_59,55~59세,55,59,MALE,남성,281201,176406,0.62733063,5617,0.03184132,142097,0.80551115,99933,0.56649434,30433,0.17251681,73656,0.41753682,351736,True,2,STATUS_COUNTS_NONEXCLUSIVE|SOURCE_HAS_NULL_NOT_ZERO
2023:REGIONAL_INSURED:AGE_55_59:FEMALE,2023,REGIONAL_INSURED,지역가입자,AGE_55_59,55~59세,55,59,FEMALE,여성,302310,214453,0.7093811,14744,0.06875166,163049,0.76030179,97721,0.4556756,23181,0.10809361,71911,0.33532289,370606,True,2,STATUS_COUNTS_NONEXCLUSIVE|SOURCE_HAS_NULL_NOT_ZERO
2023:REGIONAL_INSURED:AGE_60_64:MALE,2023,REGIONAL_INSURED,지역가입자,AGE_60_64,60~64세,60,64,MALE,남성,478269,330297,0.69060926,7134,0.02159874,267714,0.81052507,191873,0.58091051,50054,0.1515424,165757,0.50184228,682532,True,2,STATUS_COUNTS_NONEXCLUSIVE|SOURCE_HAS_NULL_NOT_ZERO
2023:REGIONAL_INSURED:AGE_60_64:FEMALE,2023,REGIONAL_INSURED,지역가입자,AGE_60_64,60~64세,60,64,FEMALE,여성,491636,361927,0.73616863,14642,0.04045567,281050,0.77653781,177360,0.49004357,40085,0.11075438,163361,0.4513645,676498,True,2,STATUS_COUNTS_NONEXCLUSIVE|SOURCE_HAS_NULL_NOT_ZERO
2023:REGIONAL_INSURED:AGE_65_69:MALE,2023,REGIONAL_INSURED,지역가입자,AGE_65_69,65~69세,65,69,MALE,남성,297542,219754,0.73856464,4286,0.01950363,174766,0.79528018,128774,0.58599161,30669,0.1395606,126035,0.57352767,464530,True,2,STATUS_COUNTS_NONEXCLUSIVE|SOURCE_HAS_NULL_NOT_ZERO
2023:REGIONAL_INSURED:AGE_65_69:FEMALE,2023,REGIONAL_INSURED,지역가입자,AGE_65_69,65~69세,65,69,FEMALE,여성,302259,230235,0.76171429,2596,0.01127544,189986,0.82518297,140804,0.61156644,26396,0.11464808,128855,0.5596673,488637,True,0,STATUS_COUNTS_NONEXCLUSIVE
2023:REGIONAL_INSURED:AGE_70_74:MALE,2023,REGIONAL_INSURED,지역가입자,AGE_70_74,70~74세,70,74,MALE,남성,242464,179128,0.73878184,2958,0.01651333,138300,0.7720736,108833,0.60757112,23476,0.13105712,113261,0.63229088,386828,True,2,STATUS_COUNTS_NONEXCLUSIVE|SOURCE_HAS_NULL_NOT_ZERO
2023:REGIONAL_INSURED:AGE_70_74:FEMALE,2023,REGIONAL_INSURED,지역가입자,AGE_70_74,70~74세,70,74,FEMALE,여성,254202,187211,0.73646549,3631,0.01939523,143468,0.76634386,105181,0.5618313,21714,0.11598677,124367,0.6643146,398361,True,2,STATUS_COUNTS_NONEXCLUSIVE|SOURCE_HAS_NULL_NOT_ZERO
2023:REGIONAL_INSURED:AGE_75_79:MALE,2023,REGIONAL_INSURED,지역가입자,AGE_75_79,75~79세,75,79,MALE,남성,113785,79928,0.7024476,813,0.01017165,62899,0.78694575,53585,0.67041587,10567,0.13220649,52998,0.66307176,180862,True,2,STATUS_COUNTS_NONEXCLUSIVE|SOURCE_HAS_NULL_NOT_ZERO
2023:REGIONAL_INSURED:AGE_75_79:FEMALE,2023,REGIONAL_INSURED,지역가입자,AGE_75_79,75~79세,75,79,FEMALE,여성,128058,84541,0.66017742,649,0.00767675,65940,0.77997658,54865,0.64897505,9915,0.11728037,61757,0.73049763,193126,True,2,STATUS_COUNTS_NONEXCLUSIVE|SOURCE_HAS_NULL_NOT_ZERO
2023:REGIONAL_INSURED:AGE_80_84:MALE,2023,REGIONAL_INSURED,지역가입자,AGE_80_84,80~84세,80,84,MALE,남성,99029,57345,0.5790728,382,0.00666144,46223,0.80605109,42421,0.73975063,7859,0.13704769,38336,0.66851513,135221,True,2,STATUS_COUNTS_NONEXCLUSIVE|SOURCE_HAS_NULL_NOT_ZERO
2023:REGIONAL_INSURED:AGE_80_84:FEMALE,2023,REGIONAL_INSURED,지역가입자,AGE_80_84,80~84세,80,84,FEMALE,여성,138215,64464,0.46640379,319,0.0049485,51961,0.80604679,47386,0.73507694,7563,0.1173213,49430,0.76678456,156659,True,2,STATUS_COUNTS_NONEXCLUSIVE|SOURCE_HAS_NULL_NOT_ZERO
2023:REGIONAL_INSURED:GE_85:MALE,2023,REGIONAL_INSURED,지역가입자,GE_85,85세이상,85,,MALE,남성,43871,16046,0.36575414,123,0.00766546,12585,0.78430762,12678,0.79010345,2320,0.14458432,10555,0.65779634,38261,True,2,STATUS_COUNTS_NONEXCLUSIVE|SOURCE_HAS_NULL_NOT_ZERO
2023:REGIONAL_INSURED:GE_85:FEMALE,2023,REGIONAL_INSURED,지역가입자,GE_85,85세이상,85,,FEMALE,여성,98993,24533,0.2478256,128,0.00521746,19976,0.81425019,19132,0.77984755,3240,0.13206701,18357,0.74825745,60833,True,2,STATUS_COUNTS_NONEXCLUSIVE|SOURCE_HAS_NULL_NOT_ZERO
2023:EMPLOYEE_INSURED:LE_19:MALE,2023,EMPLOYEE_INSURED,직장가입자,LE_19,19세이하,,19,MALE,남성,7274,6560,0.90184218,1477,0.22515244,4661,0.71051829,1771,0.26996951,310,0.0472561,61,0.00929878,8280,True,3,STATUS_COUNTS_NONEXCLUSIVE|SOURCE_HAS_NULL_NOT_ZERO
2023:EMPLOYEE_INSURED:LE_19:FEMALE,2023,EMPLOYEE_INSURED,직장가입자,LE_19,19세이하,,19,FEMALE,여성,4306,3716,0.86298189,1205,0.32427341,2269,0.6106028,718,0.19321851,93,0.02502691,12,0.00322928,4297,True,5,STATUS_COUNTS_NONEXCLUSIVE|SOURCE_HAS_NULL_NOT_ZERO
2023:EMPLOYEE_INSURED:AGE_20_24:MALE,2023,EMPLOYEE_INSURED,직장가입자,AGE_20_24,20~24세,20,24,MALE,남성,333253,170322,0.51108917,28336,0.16636723,131129,0.7698888,54894,0.32229542,9740,0.0571858,1983,0.01164265,226082,True,2,STATUS_COUNTS_NONEXCLUSIVE|SOURCE_HAS_NULL_NOT_ZERO
2023:EMPLOYEE_INSURED:AGE_20_24:FEMALE,2023,EMPLOYEE_INSURED,직장가입자,AGE_20_24,20~24세,20,24,FEMALE,여성,423740,248157,0.58563506,88812,0.35788634,143784,0.57940739,41698,0.16803072,5062,0.02039838,1188,0.00478729,280544,True,2,STATUS_COUNTS_NONEXCLUSIVE|SOURCE_HAS_NULL_NOT_ZERO
2023:EMPLOYEE_INSURED:AGE_25_29:MALE,2023,EMPLOYEE_INSURED,직장가입자,AGE_25_29,25~29세,25,29,MALE,남성,636342,509274,0.80031492,73713,0.14474134,400204,0.78583238,189808,0.3727031,36941,0.07253659,7577,0.01487804,708243,True,2,STATUS_COUNTS_NONEXCLUSIVE|SOURCE_HAS_NULL_NOT_ZERO
2023:EMPLOYEE_INSURED:AGE_25_29:FEMALE,2023,EMPLOYEE_INSURED,직장가입자,AGE_25_29,25~29세,25,29,FEMALE,여성,566995,469038,0.82723481,174196,0.37138995,264539,0.56400334,80654,0.17195622,12282,0.02618551,3629,0.00773711,535300,True,2,STATUS_COUNTS_NONEXCLUSIVE|SOURCE_HAS_NULL_NOT_ZERO
2023:EMPLOYEE_INSURED:AGE_30_34:MALE,2023,EMPLOYEE_INSURED,직장가입자,AGE_30_34,30~34세,30,34,MALE,남성,811121,678971,0.83707733,77124,0.11358953,546517,0.8049195,306788,0.45184257,68996,0.10161848,22994,0.03386595,1022419,True,2,STATUS_COUNTS_NONEXCLUSIVE|SOURCE_HAS_NULL_NOT_ZERO
2023:EMPLOYEE_INSURED:AGE_30_34:FEMALE,2023,EMPLOYEE_INSURED,직장가입자,AGE_30_34,30~34세,30,34,FEMALE,여성,631749,506891,0.80236138,174471,0.34419826,296009,0.58396973,101588,0.2004139,18402,0.03630366,7811,0.01540962,598281,True,2,STATUS_COUNTS_NONEXCLUSIVE|SOURCE_HAS_NULL_NOT_ZERO
2023:EMPLOYEE_INSURED:AGE_35_39:MALE,2023,EMPLOYEE_INSURED,직장가입자,AGE_35_39,35~39세,35,39,MALE,남성,712840,614002,0.86134616,51450,0.08379452,506094,0.82425464,317284,0.5167475,81570,0.13284973,50194,0.08174892,1006592,True,2,STATUS_COUNTS_NONEXCLUSIVE|SOURCE_HAS_NULL_NOT_ZERO
2023:EMPLOYEE_INSURED:AGE_35_39:FEMALE,2023,EMPLOYEE_INSURED,직장가입자,AGE_35_39,35~39세,35,39,FEMALE,여성,503085,394594,0.78434857,117040,0.29660867,244184,0.6188234,94137,0.23856673,20745,0.05257302,12788,0.03240799,488894,True,2,STATUS_COUNTS_NONEXCLUSIVE|SOURCE_HAS_NULL_NOT_ZERO
2023:EMPLOYEE_INSURED:AGE_40_44:MALE,2023,EMPLOYEE_INSURED,직장가입자,AGE_40_44,40~44세,40,44,MALE,남성,948582,833044,0.87819925,46107,0.05534762,703139,0.84405986,477116,0.57273805,125541,0.15070152,132281,0.15879233,1484184,True,2,STATUS_COUNTS_NONEXCLUSIVE|SOURCE_HAS_NULL_NOT_ZERO
2023:EMPLOYEE_INSURED:AGE_40_44:FEMALE,2023,EMPLOYEE_INSURED,직장가입자,AGE_40_44,40~44세,40,44,FEMALE,여성,768352,623279,0.8111894,107328,0.17219897,459332,0.73696049,200272,0.32131999,41345,0.06633466,39741,0.06376117,848018,True,2,STATUS_COUNTS_NONEXCLUSIVE|SOURCE_HAS_NULL_NOT_ZERO
2023:EMPLOYEE_INSURED:AGE_45_49:MALE,2023,EMPLOYEE_INSURED,직장가입자,AGE_45_49,45~49세,45,49,MALE,남성,772900,668100,0.86440678,39175,0.05863643,549820,0.82296063,352504,0.52762161,104985,0.15713965,165418,0.24759467,1211902,True,2,STATUS_COUNTS_NONEXCLUSIVE|SOURCE_HAS_NULL_NOT_ZERO
2023:EMPLOYEE_INSURED:AGE_45_49:FEMALE,2023,EMPLOYEE_INSURED,직장가입자,AGE_45_49,45~49세,45,49,FEMALE,여성,630324,519211,0.82372082,85162,0.16402195,375877,0.72393882,169219,0.32591567,42814,0.08245973,62895,0.12113572,735967,True,2,STATUS_COUNTS_NONEXCLUSIVE|SOURCE_HAS_NULL_NOT_ZERO
2023:EMPLOYEE_INSURED:AGE_50_54:MALE,2023,EMPLOYEE_INSURED,직장가입자,AGE_50_54,50~54세,50,54,MALE,남성,935307,785280,0.83959598,40073,0.05103021,639000,0.81372249,399530,0.50877394,123134,0.15680267,258858,0.32963784,1460595,True,2,STATUS_COUNTS_NONEXCLUSIVE|SOURCE_HAS_NULL_NOT_ZERO
2023:EMPLOYEE_INSURED:AGE_50_54:FEMALE,2023,EMPLOYEE_INSURED,직장가입자,AGE_50_54,50~54세,50,54,FEMALE,여성,880358,727667,0.82655806,84810,0.11655057,545046,0.74903218,269426,0.37026002,69139,0.09501462,153742,0.21128071,1122163,True,0,STATUS_COUNTS_NONEXCLUSIVE
2023:EMPLOYEE_INSURED:AGE_55_59:MALE,2023,EMPLOYEE_INSURED,직장가입자,AGE_55_59,55~59세,55,59,MALE,남성,730287,608508,0.83324501,25100,0.04124843,489927,0.80512828,301649,0.49571904,94790,0.15577445,246336,0.40481966,1157802,True,2,STATUS_COUNTS_NONEXCLUSIVE|SOURCE_HAS_NULL_NOT_ZERO
2023:EMPLOYEE_INSURED:AGE_55_59:FEMALE,2023,EMPLOYEE_INSURED,직장가입자,AGE_55_59,55~59세,55,59,FEMALE,여성,716878,608796,0.84923237,57719,0.09480844,447633,0.73527586,231310,0.37994665,59414,0.09759263,203765,0.33470161,999841,True,2,STATUS_COUNTS_NONEXCLUSIVE|SOURCE_HAS_NULL_NOT_ZERO
2023:EMPLOYEE_INSURED:AGE_60_64:MALE,2023,EMPLOYEE_INSURED,직장가입자,AGE_60_64,60~64세,60,64,MALE,남성,718214,579507,0.80687232,16014,0.02763383,465726,0.80365897,306866,0.52952941,84843,0.14640548,285201,0.49214418,1158650,True,2,STATUS_COUNTS_NONEXCLUSIVE|SOURCE_HAS_NULL_NOT_ZERO
2023:EMPLOYEE_INSURED:AGE_60_64:FEMALE,2023,EMPLOYEE_INSURED,직장가입자,AGE_60_64,60~64세,60,64,FEMALE,여성,747122,620257,0.83019507,31839,0.05133195,472289,0.76144082,277335,0.44712917,64715,0.10433578,282620,0.45564984,1128798,True,2,STATUS_COUNTS_NONEXCLUSIVE|SOURCE_HAS_NULL_NOT_ZERO
2023:EMPLOYEE_INSURED:AGE_65_69:MALE,2023,EMPLOYEE_INSURED,직장가입자,AGE_65_69,65~69세,65,69,MALE,남성,471146,382680,0.8122323,9641,0.02519337,298985,0.78129246,206385,0.53931483,51996,0.13587331,216529,0.56582262,783536,True,2,STATUS_COUNTS_NONEXCLUSIVE|SOURCE_HAS_NULL_NOT_ZERO
2023:EMPLOYEE_INSURED:AGE_65_69:FEMALE,2023,EMPLOYEE_INSURED,직장가입자,AGE_65_69,65~69세,65,69,FEMALE,여성,480092,399006,0.83110321,9796,0.02455101,317186,0.79494043,219333,0.5496985,42799,0.10726405,225465,0.56506669,814579,True,0,STATUS_COUNTS_NONEXCLUSIVE
2023:EMPLOYEE_INSURED:AGE_70_74:MALE,2023,EMPLOYEE_INSURED,직장가입자,AGE_70_74,70~74세,70,74,MALE,남성,326918,256812,0.78555479,4649,0.01810274,197374,0.76855443,152667,0.59446988,33104,0.12890363,161819,0.63010685,549613,True,2,STATUS_COUNTS_NONEXCLUSIVE|SOURCE_HAS_NULL_NOT_ZERO
2023:EMPLOYEE_INSURED:AGE_70_74:FEMALE,2023,EMPLOYEE_INSURED,직장가입자,AGE_70_74,70~74세,70,74,FEMALE,여성,360975,281639,0.78021747,5387,0.01912732,213640,0.75855972,158392,0.5623937,31389,0.11145118,191620,0.68037452,600428,True,2,STATUS_COUNTS_NONEXCLUSIVE|SOURCE_HAS_NULL_NOT_ZERO
2023:EMPLOYEE_INSURED:AGE_75_79:MALE,2023,EMPLOYEE_INSURED,직장가입자,AGE_75_79,75~79세,75,79,MALE,남성,168025,122820,0.73096265,1348,0.01097541,95898,0.78080117,81725,0.66540466,15798,0.12862726,80996,0.65946914,275765,True,2,STATUS_COUNTS_NONEXCLUSIVE|SOURCE_HAS_NULL_NOT_ZERO
2023:EMPLOYEE_INSURED:AGE_75_79:FEMALE,2023,EMPLOYEE_INSURED,직장가입자,AGE_75_79,75~79세,75,79,FEMALE,여성,195224,135093,0.69198971,1214,0.0089864,104654,0.77468115,86767,0.64227606,15282,0.11312207,100116,0.74108947,308033,True,2,STATUS_COUNTS_NONEXCLUSIVE|SOURCE_HAS_NULL_NOT_ZERO
2023:EMPLOYEE_INSURED:AGE_80_84:MALE,2023,EMPLOYEE_INSURED,직장가입자,AGE_80_84,80~84세,80,84,MALE,남성,141161,83215,0.58950418,595,0.00715015,66802,0.80276392,61743,0.7419696,11269,0.1354203,55350,0.66514451,195759,True,2,STATUS_COUNTS_NONEXCLUSIVE|SOURCE_HAS_NULL_NOT_ZERO
2023:EMPLOYEE_INSURED:AGE_80_84:FEMALE,2023,EMPLOYEE_INSURED,직장가입자,AGE_80_84,80~84세,80,84,FEMALE,여성,206891,100381,0.48518785,448,0.004463,80836,0.80529184,73421,0.73142328,11571,0.11527082,77586,0.77291519,243862,True,2,STATUS_COUNTS_NONEXCLUSIVE|SOURCE_HAS_NULL_NOT_ZERO
2023:EMPLOYEE_INSURED:GE_85:MALE,2023,EMPLOYEE_INSURED,직장가입자,GE_85,85세이상,85,,MALE,남성,55103,20801,0.37749306,145,0.00697082,16293,0.78327965,16439,0.79029854,3018,0.14508918,13623,0.65492044,49518,True,2,STATUS_COUNTS_NONEXCLUSIVE|SOURCE_HAS_NULL_NOT_ZERO
2023:EMPLOYEE_INSURED:GE_85:FEMALE,2023,EMPLOYEE_INSURED,직장가입자,GE_85,85세이상,85,,FEMALE,여성,117869,28998,0.24601889,131,0.00451755,23305,0.80367612,22294,0.76881164,3643,0.12562935,22044,0.76019036,71417,True,2,STATUS_COUNTS_NONEXCLUSIVE|SOURCE_HAS_NULL_NOT_ZERO
