claim_basis_year,claim_item_code,claim_item_name,source_type_field_raw,source_detail_field_raw,type_code_normalized,code_family_prefix,official_detail_code,first_seen_year,last_seen_year,is_latest_year_row,is_active_in_latest_year,user_visibility,app_usage,quality_flags
2024,D3701005,(폐암)장애인안전편의관리비,(폐암)장애인안전편의관리비,D,D,D37,,2019,2024,True,True,INTERNAL_ONLY,CLAIM_ETL_MAPPING_ONLY,SOURCE_TYPE_FIELD_CONTAINS_LABEL_NOT_CODE|SOURCE_DETAIL_FIELD_CONTAINS_TYPE_CODE|OFFICIAL_DETAIL_CODE_UNAVAILABLE_IN_ATTACHMENT|SOURCE_TYPE_FIELD_DUPLICATES_ITEM_NAME
2024,D3701006,(폐암)촬영및판독료,(폐암)촬영및판독료,D,D,D37,,2019,2024,True,True,INTERNAL_ONLY,CLAIM_ETL_MAPPING_ONLY,SOURCE_TYPE_FIELD_CONTAINS_LABEL_NOT_CODE|SOURCE_DETAIL_FIELD_CONTAINS_TYPE_CODE|OFFICIAL_DETAIL_CODE_UNAVAILABLE_IN_ATTACHMENT|SOURCE_TYPE_FIELD_DUPLICATES_ITEM_NAME
2024,D3701007,(폐암)FullPACS,(폐암)FullPACS,D,D,D37,,2019,2024,True,True,INTERNAL_ONLY,CLAIM_ETL_MAPPING_ONLY,SOURCE_TYPE_FIELD_CONTAINS_LABEL_NOT_CODE|SOURCE_DETAIL_FIELD_CONTAINS_TYPE_CODE|OFFICIAL_DETAIL_CODE_UNAVAILABLE_IN_ATTACHMENT|SOURCE_TYPE_FIELD_DUPLICATES_ITEM_NAME
2024,E9001001,상담및행정비용,상담및행정비용,E,E,E90,,2007,2024,True,True,INTERNAL_ONLY,CLAIM_ETL_MAPPING_ONLY,SOURCE_TYPE_FIELD_CONTAINS_LABEL_NOT_CODE|SOURCE_DETAIL_FIELD_CONTAINS_TYPE_CODE|OFFICIAL_DETAIL_CODE_UNAVAILABLE_IN_ATTACHMENT|SOURCE_TYPE_FIELD_DUPLICATES_ITEM_NAME
2024,E9001002,발달평가및상담,발달평가및상담,E,E,E90,,2007,2024,True,True,INTERNAL_ONLY,CLAIM_ETL_MAPPING_ONLY,SOURCE_TYPE_FIELD_CONTAINS_LABEL_NOT_CODE|SOURCE_DETAIL_FIELD_CONTAINS_TYPE_CODE|OFFICIAL_DETAIL_CODE_UNAVAILABLE_IN_ATTACHMENT|SOURCE_TYPE_FIELD_DUPLICATES_ITEM_NAME
2024,E9001003,건강교육(안전),건강교육(안전),E,E,E90,,2007,2024,True,True,INTERNAL_ONLY,CLAIM_ETL_MAPPING_ONLY,SOURCE_TYPE_FIELD_CONTAINS_LABEL_NOT_CODE|SOURCE_DETAIL_FIELD_CONTAINS_TYPE_CODE|OFFICIAL_DETAIL_CODE_UNAVAILABLE_IN_ATTACHMENT|SOURCE_TYPE_FIELD_DUPLICATES_ITEM_NAME
2024,E9001004,건강교육(영양),건강교육(영양),E,E,E90,,2007,2024,True,True,INTERNAL_ONLY,CLAIM_ETL_MAPPING_ONLY,SOURCE_TYPE_FIELD_CONTAINS_LABEL_NOT_CODE|SOURCE_DETAIL_FIELD_CONTAINS_TYPE_CODE|OFFICIAL_DETAIL_CODE_UNAVAILABLE_IN_ATTACHMENT|SOURCE_TYPE_FIELD_DUPLICATES_ITEM_NAME
2024,E9001005,건강교육(수면),건강교육(수면),E,E,E90,,2007,2024,True,True,INTERNAL_ONLY,CLAIM_ETL_MAPPING_ONLY,SOURCE_TYPE_FIELD_CONTAINS_LABEL_NOT_CODE|SOURCE_DETAIL_FIELD_CONTAINS_TYPE_CODE|OFFICIAL_DETAIL_CODE_UNAVAILABLE_IN_ATTACHMENT|SOURCE_TYPE_FIELD_DUPLICATES_ITEM_NAME
2024,E9001006,건강교육(구강),건강교육(구강),E,E,E90,,2007,2024,True,True,INTERNAL_ONLY,CLAIM_ETL_MAPPING_ONLY,SOURCE_TYPE_FIELD_CONTAINS_LABEL_NOT_CODE|SOURCE_DETAIL_FIELD_CONTAINS_TYPE_CODE|OFFICIAL_DETAIL_CODE_UNAVAILABLE_IN_ATTACHMENT|SOURCE_TYPE_FIELD_DUPLICATES_ITEM_NAME
2024,E9001007,건강교육(취학전교육),건강교육(취학전교육),E,E,E90,,2007,2024,True,True,INTERNAL_ONLY,CLAIM_ETL_MAPPING_ONLY,SOURCE_TYPE_FIELD_CONTAINS_LABEL_NOT_CODE|SOURCE_DETAIL_FIELD_CONTAINS_TYPE_CODE|OFFICIAL_DETAIL_CODE_UNAVAILABLE_IN_ATTACHMENT|SOURCE_TYPE_FIELD_DUPLICATES_ITEM_NAME
2024,E9001008,건강교육(대소변가리기),건강교육(대소변가리기),E,E,E90,,2010,2024,True,True,INTERNAL_ONLY,CLAIM_ETL_MAPPING_ONLY,SOURCE_TYPE_FIELD_CONTAINS_LABEL_NOT_CODE|SOURCE_DETAIL_FIELD_CONTAINS_TYPE_CODE|OFFICIAL_DETAIL_CODE_UNAVAILABLE_IN_ATTACHMENT|SOURCE_TYPE_FIELD_DUPLICATES_ITEM_NAME
2024,E9001009,건강교육(정서및사회성),건강교육(정서및사회성),E,E,E90,,2010,2024,True,True,INTERNAL_ONLY,CLAIM_ETL_MAPPING_ONLY,SOURCE_TYPE_FIELD_CONTAINS_LABEL_NOT_CODE|SOURCE_DETAIL_FIELD_CONTAINS_TYPE_CODE|OFFICIAL_DETAIL_CODE_UNAVAILABLE_IN_ATTACHMENT|SOURCE_TYPE_FIELD_DUPLICATES_ITEM_NAME
2024,E9001010,건강교육(개인위생),건강교육(개인위생),E,E,E90,,2010,2024,True,True,INTERNAL_ONLY,CLAIM_ETL_MAPPING_ONLY,SOURCE_TYPE_FIELD_CONTAINS_LABEL_NOT_CODE|SOURCE_DETAIL_FIELD_CONTAINS_TYPE_CODE|OFFICIAL_DETAIL_CODE_UNAVAILABLE_IN_ATTACHMENT|SOURCE_TYPE_FIELD_DUPLICATES_ITEM_NAME
2024,E9001011,건강교육(기본료),건강교육(기본료),E,E,E90,,2011,2024,True,True,INTERNAL_ONLY,CLAIM_ETL_MAPPING_ONLY,SOURCE_TYPE_FIELD_CONTAINS_LABEL_NOT_CODE|SOURCE_DETAIL_FIELD_CONTAINS_TYPE_CODE|OFFICIAL_DETAIL_CODE_UNAVAILABLE_IN_ATTACHMENT|SOURCE_TYPE_FIELD_DUPLICATES_ITEM_NAME
2024,E9001012,상담및행정비용공휴일가산(4차~8차),상담및행정비용공휴일가산(4차~8차),E,E,E90,,2011,2024,True,True,INTERNAL_ONLY,CLAIM_ETL_MAPPING_ONLY,SOURCE_TYPE_FIELD_CONTAINS_LABEL_NOT_CODE|SOURCE_DETAIL_FIELD_CONTAINS_TYPE_CODE|OFFICIAL_DETAIL_CODE_UNAVAILABLE_IN_ATTACHMENT|SOURCE_TYPE_FIELD_DUPLICATES_ITEM_NAME
2024,E9001013,건강교육(간접흡연),건강교육(간접흡연),E,E,E90,,2012,2024,True,True,INTERNAL_ONLY,CLAIM_ETL_MAPPING_ONLY,SOURCE_TYPE_FIELD_CONTAINS_LABEL_NOT_CODE|SOURCE_DETAIL_FIELD_CONTAINS_TYPE_CODE|OFFICIAL_DETAIL_CODE_UNAVAILABLE_IN_ATTACHMENT|SOURCE_TYPE_FIELD_DUPLICATES_ITEM_NAME
2024,E9001014,건강교육(영유아돌연사),건강교육(영유아돌연사),E,E,E90,,2015,2024,True,True,INTERNAL_ONLY,CLAIM_ETL_MAPPING_ONLY,SOURCE_TYPE_FIELD_CONTAINS_LABEL_NOT_CODE|SOURCE_DETAIL_FIELD_CONTAINS_TYPE_CODE|OFFICIAL_DETAIL_CODE_UNAVAILABLE_IN_ATTACHMENT|SOURCE_TYPE_FIELD_DUPLICATES_ITEM_NAME
2024,E9001015,건강교육(전자미디어노출),건강교육(전자미디어노출),E,E,E90,,2015,2024,True,True,INTERNAL_ONLY,CLAIM_ETL_MAPPING_ONLY,SOURCE_TYPE_FIELD_CONTAINS_LABEL_NOT_CODE|SOURCE_DETAIL_FIELD_CONTAINS_TYPE_CODE|OFFICIAL_DETAIL_CODE_UNAVAILABLE_IN_ATTACHMENT|SOURCE_TYPE_FIELD_DUPLICATES_ITEM_NAME
2024,E9001016,상담및행정비용가산(1차~3차),상담및행정비용가산(1차~3차),E,E,E90,,2018,2024,True,True,INTERNAL_ONLY,CLAIM_ETL_MAPPING_ONLY,SOURCE_TYPE_FIELD_CONTAINS_LABEL_NOT_CODE|SOURCE_DETAIL_FIELD_CONTAINS_TYPE_CODE|OFFICIAL_DETAIL_CODE_UNAVAILABLE_IN_ATTACHMENT|SOURCE_TYPE_FIELD_DUPLICATES_ITEM_NAME
2024,E9001017,상담및행정비용가산(4차~8차),상담및행정비용가산(4차~8차),E,E,E90,,2018,2024,True,True,INTERNAL_ONLY,CLAIM_ETL_MAPPING_ONLY,SOURCE_TYPE_FIELD_CONTAINS_LABEL_NOT_CODE|SOURCE_DETAIL_FIELD_CONTAINS_TYPE_CODE|OFFICIAL_DETAIL_CODE_UNAVAILABLE_IN_ATTACHMENT|SOURCE_TYPE_FIELD_DUPLICATES_ITEM_NAME
2024,E9001018,상담및행정비용공휴일가산(1차~3차),상담및행정비용공휴일가산(1차~3차),E,E,E90,,2018,2024,True,True,INTERNAL_ONLY,CLAIM_ETL_MAPPING_ONLY,SOURCE_TYPE_FIELD_CONTAINS_LABEL_NOT_CODE|SOURCE_DETAIL_FIELD_CONTAINS_TYPE_CODE|OFFICIAL_DETAIL_CODE_UNAVAILABLE_IN_ATTACHMENT|SOURCE_TYPE_FIELD_DUPLICATES_ITEM_NAME
2024,F9001001,구강검진,구강검진,F,F,F90,,2007,2024,True,True,INTERNAL_ONLY,CLAIM_ETL_MAPPING_ONLY,SOURCE_TYPE_FIELD_CONTAINS_LABEL_NOT_CODE|SOURCE_DETAIL_FIELD_CONTAINS_TYPE_CODE|OFFICIAL_DETAIL_CODE_UNAVAILABLE_IN_ATTACHMENT|SOURCE_TYPE_FIELD_DUPLICATES_ITEM_NAME
2024,F9001002,구강검진공휴일가산,구강검진공휴일가산,F,F,F90,,2011,2024,True,True,INTERNAL_ONLY,CLAIM_ETL_MAPPING_ONLY,SOURCE_TYPE_FIELD_CONTAINS_LABEL_NOT_CODE|SOURCE_DETAIL_FIELD_CONTAINS_TYPE_CODE|OFFICIAL_DETAIL_CODE_UNAVAILABLE_IN_ATTACHMENT|SOURCE_TYPE_FIELD_DUPLICATES_ITEM_NAME
2024,D3201058,(대장암)세척료기타,(대장암)세척료기타,D,D,D32,,2024,2024,True,True,INTERNAL_ONLY,CLAIM_ETL_MAPPING_ONLY,SOURCE_TYPE_FIELD_CONTAINS_LABEL_NOT_CODE|SOURCE_DETAIL_FIELD_CONTAINS_TYPE_CODE|OFFICIAL_DETAIL_CODE_UNAVAILABLE_IN_ATTACHMENT|SOURCE_TYPE_FIELD_DUPLICATES_ITEM_NAME
2024,R3501001,(자궁경부암)상담료및행정비용,(자궁경부암)상담료및행정비용,R,R,R35,,2016,2024,True,True,INTERNAL_ONLY,CLAIM_ETL_MAPPING_ONLY,SOURCE_TYPE_FIELD_CONTAINS_LABEL_NOT_CODE|SOURCE_DETAIL_FIELD_CONTAINS_TYPE_CODE|OFFICIAL_DETAIL_CODE_UNAVAILABLE_IN_ATTACHMENT|SOURCE_TYPE_FIELD_DUPLICATES_ITEM_NAME
2024,R3501002,(자궁경부암)자궁경부세포검사,(자궁경부암)자궁경부세포검사,R,R,R35,,2016,2024,True,True,INTERNAL_ONLY,CLAIM_ETL_MAPPING_ONLY,SOURCE_TYPE_FIELD_CONTAINS_LABEL_NOT_CODE|SOURCE_DETAIL_FIELD_CONTAINS_TYPE_CODE|OFFICIAL_DETAIL_CODE_UNAVAILABLE_IN_ATTACHMENT|SOURCE_TYPE_FIELD_DUPLICATES_ITEM_NAME
2024,R3501003,(자궁경부암)상담료공휴일가산,(자궁경부암)상담료공휴일가산,R,R,R35,,2016,2024,True,True,INTERNAL_ONLY,CLAIM_ETL_MAPPING_ONLY,SOURCE_TYPE_FIELD_CONTAINS_LABEL_NOT_CODE|SOURCE_DETAIL_FIELD_CONTAINS_TYPE_CODE|OFFICIAL_DETAIL_CODE_UNAVAILABLE_IN_ATTACHMENT|SOURCE_TYPE_FIELD_DUPLICATES_ITEM_NAME
2024,R3501004,(자궁경부암)장애인안전편의관리비,(자궁경부암)장애인안전편의관리비,R,R,R35,,2018,2024,True,True,INTERNAL_ONLY,CLAIM_ETL_MAPPING_ONLY,SOURCE_TYPE_FIELD_CONTAINS_LABEL_NOT_CODE|SOURCE_DETAIL_FIELD_CONTAINS_TYPE_CODE|OFFICIAL_DETAIL_CODE_UNAVAILABLE_IN_ATTACHMENT|SOURCE_TYPE_FIELD_DUPLICATES_ITEM_NAME
2024,R3502001,(자궁경부암)자궁경부세포검사(중복자궁),(자궁경부암)자궁경부세포검사(중복자궁),R,R,R35,,2016,2024,True,True,INTERNAL_ONLY,CLAIM_ETL_MAPPING_ONLY,SOURCE_TYPE_FIELD_CONTAINS_LABEL_NOT_CODE|SOURCE_DETAIL_FIELD_CONTAINS_TYPE_CODE|OFFICIAL_DETAIL_CODE_UNAVAILABLE_IN_ATTACHMENT|SOURCE_TYPE_FIELD_DUPLICATES_ITEM_NAME
2024,X1101001,C형간염시범사업행정비용,C형간염시범사업행정비용,X,X,X11,,2020,2024,True,True,INTERNAL_ONLY,CLAIM_ETL_MAPPING_ONLY,SOURCE_TYPE_FIELD_CONTAINS_LABEL_NOT_CODE|SOURCE_DETAIL_FIELD_CONTAINS_TYPE_CODE|OFFICIAL_DETAIL_CODE_UNAVAILABLE_IN_ATTACHMENT|SOURCE_TYPE_FIELD_DUPLICATES_ITEM_NAME
2024,X1101002,C형간염항체(일반),C형간염항체(일반),X,X,X11,,2020,2024,True,True,INTERNAL_ONLY,CLAIM_ETL_MAPPING_ONLY,SOURCE_TYPE_FIELD_CONTAINS_LABEL_NOT_CODE|SOURCE_DETAIL_FIELD_CONTAINS_TYPE_CODE|OFFICIAL_DETAIL_CODE_UNAVAILABLE_IN_ATTACHMENT|SOURCE_TYPE_FIELD_DUPLICATES_ITEM_NAME
2024,X1101003,C형간염항체(정밀),C형간염항체(정밀),X,X,X11,,2020,2024,True,True,INTERNAL_ONLY,CLAIM_ETL_MAPPING_ONLY,SOURCE_TYPE_FIELD_CONTAINS_LABEL_NOT_CODE|SOURCE_DETAIL_FIELD_CONTAINS_TYPE_CODE|OFFICIAL_DETAIL_CODE_UNAVAILABLE_IN_ATTACHMENT|SOURCE_TYPE_FIELD_DUPLICATES_ITEM_NAME
2024,X1101004,핵의학적방법(정밀),핵의학적방법(정밀),X,X,X11,,2020,2024,True,True,INTERNAL_ONLY,CLAIM_ETL_MAPPING_ONLY,SOURCE_TYPE_FIELD_CONTAINS_LABEL_NOT_CODE|SOURCE_DETAIL_FIELD_CONTAINS_TYPE_CODE|OFFICIAL_DETAIL_CODE_UNAVAILABLE_IN_ATTACHMENT|SOURCE_TYPE_FIELD_DUPLICATES_ITEM_NAME
2024,X1101007,핵산증폭-정성그룹2,핵산증폭-정성그룹2,X,X,X11,,2020,2024,True,True,INTERNAL_ONLY,CLAIM_ETL_MAPPING_ONLY,SOURCE_TYPE_FIELD_CONTAINS_LABEL_NOT_CODE|SOURCE_DETAIL_FIELD_CONTAINS_TYPE_CODE|OFFICIAL_DETAIL_CODE_UNAVAILABLE_IN_ATTACHMENT|SOURCE_TYPE_FIELD_DUPLICATES_ITEM_NAME
2024,X1101008,핵산증폭-정성그룹3,핵산증폭-정성그룹3,X,X,X11,,2020,2024,True,True,INTERNAL_ONLY,CLAIM_ETL_MAPPING_ONLY,SOURCE_TYPE_FIELD_CONTAINS_LABEL_NOT_CODE|SOURCE_DETAIL_FIELD_CONTAINS_TYPE_CODE|OFFICIAL_DETAIL_CODE_UNAVAILABLE_IN_ATTACHMENT|SOURCE_TYPE_FIELD_DUPLICATES_ITEM_NAME
2024,X1101009,핵산증폭-정량그룹2,핵산증폭-정량그룹2,X,X,X11,,2020,2024,True,True,INTERNAL_ONLY,CLAIM_ETL_MAPPING_ONLY,SOURCE_TYPE_FIELD_CONTAINS_LABEL_NOT_CODE|SOURCE_DETAIL_FIELD_CONTAINS_TYPE_CODE|OFFICIAL_DETAIL_CODE_UNAVAILABLE_IN_ATTACHMENT|SOURCE_TYPE_FIELD_DUPLICATES_ITEM_NAME
2024,D3201014,(대장암)대장내시경검사(전처치재료기타),(대장암)대장내시경검사(전처치재료기타),D,D,D32,,2024,2024,True,True,INTERNAL_ONLY,CLAIM_ETL_MAPPING_ONLY,SOURCE_TYPE_FIELD_CONTAINS_LABEL_NOT_CODE|SOURCE_DETAIL_FIELD_CONTAINS_TYPE_CODE|OFFICIAL_DETAIL_CODE_UNAVAILABLE_IN_ATTACHMENT|SOURCE_TYPE_FIELD_DUPLICATES_ITEM_NAME
2024,A1101029,흉부방사선FullPacs(판독의뢰:FullPACS비용삭감),흉부방사선FullPacs(판독의뢰:FullPACS비용삭감),A,A,A11,,2024,2024,True,True,INTERNAL_ONLY,CLAIM_ETL_MAPPING_ONLY,SOURCE_TYPE_FIELD_CONTAINS_LABEL_NOT_CODE|SOURCE_DETAIL_FIELD_CONTAINS_TYPE_CODE|OFFICIAL_DETAIL_CODE_UNAVAILABLE_IN_ATTACHMENT|SOURCE_TYPE_FIELD_DUPLICATES_ITEM_NAME
2024,D3101054,(위암)위장조영검사(FullPACS/바륨분말300g)(판독의뢰:FullPACS비용삭감),(위암)위장조영검사(FullPACS/바륨분말300g)(판독의뢰:FullPACS비용삭감),D,D,D31,,2024,2024,True,True,INTERNAL_ONLY,CLAIM_ETL_MAPPING_ONLY,SOURCE_TYPE_FIELD_CONTAINS_LABEL_NOT_CODE|SOURCE_DETAIL_FIELD_CONTAINS_TYPE_CODE|OFFICIAL_DETAIL_CODE_UNAVAILABLE_IN_ATTACHMENT|SOURCE_TYPE_FIELD_DUPLICATES_ITEM_NAME
2024,D3101055,(위암)위장조영검사(FullPACS/바륨분말340g)(판독의뢰:FullPACS비용삭감),(위암)위장조영검사(FullPACS/바륨분말340g)(판독의뢰:FullPACS비용삭감),D,D,D31,,2024,2024,True,True,INTERNAL_ONLY,CLAIM_ETL_MAPPING_ONLY,SOURCE_TYPE_FIELD_CONTAINS_LABEL_NOT_CODE|SOURCE_DETAIL_FIELD_CONTAINS_TYPE_CODE|OFFICIAL_DETAIL_CODE_UNAVAILABLE_IN_ATTACHMENT|SOURCE_TYPE_FIELD_DUPLICATES_ITEM_NAME
2024,D3301049,(유방암)유방촬영(FullPacs)-양측(판독의뢰:FullPACS비용삭감),(유방암)유방촬영(FullPacs)-양측(판독의뢰:FullPACS비용삭감),D,D,D33,,2024,2024,True,True,INTERNAL_ONLY,CLAIM_ETL_MAPPING_ONLY,SOURCE_TYPE_FIELD_CONTAINS_LABEL_NOT_CODE|SOURCE_DETAIL_FIELD_CONTAINS_TYPE_CODE|OFFICIAL_DETAIL_CODE_UNAVAILABLE_IN_ATTACHMENT|SOURCE_TYPE_FIELD_DUPLICATES_ITEM_NAME
2024,D3301050,(유방암)유방촬영(FullPacs)-편측(판독의뢰:FullPACS비용삭감),(유방암)유방촬영(FullPacs)-편측(판독의뢰:FullPACS비용삭감),D,D,D33,,2024,2024,True,True,INTERNAL_ONLY,CLAIM_ETL_MAPPING_ONLY,SOURCE_TYPE_FIELD_CONTAINS_LABEL_NOT_CODE|SOURCE_DETAIL_FIELD_CONTAINS_TYPE_CODE|OFFICIAL_DETAIL_CODE_UNAVAILABLE_IN_ATTACHMENT|SOURCE_TYPE_FIELD_DUPLICATES_ITEM_NAME
2024,D3701008,(폐암)저선량흉부CT검사(판독의뢰:FullPACS비용삭감),(폐암)저선량흉부CT검사(판독의뢰:FullPACS비용삭감),D,D,D37,,2024,2024,True,True,INTERNAL_ONLY,CLAIM_ETL_MAPPING_ONLY,SOURCE_TYPE_FIELD_CONTAINS_LABEL_NOT_CODE|SOURCE_DETAIL_FIELD_CONTAINS_TYPE_CODE|OFFICIAL_DETAIL_CODE_UNAVAILABLE_IN_ATTACHMENT|SOURCE_TYPE_FIELD_DUPLICATES_ITEM_NAME
2024,A1101001,상담료,상담료,A,A,A11,,2001,2024,True,True,INTERNAL_ONLY,CLAIM_ETL_MAPPING_ONLY,SOURCE_TYPE_FIELD_CONTAINS_LABEL_NOT_CODE|SOURCE_DETAIL_FIELD_CONTAINS_TYPE_CODE|OFFICIAL_DETAIL_CODE_UNAVAILABLE_IN_ATTACHMENT|SOURCE_TYPE_FIELD_DUPLICATES_ITEM_NAME
2024,A1101003,흉부방사선직촬14*14,흉부방사선직촬14*14,A,A,A11,,2001,2024,True,True,INTERNAL_ONLY,CLAIM_ETL_MAPPING_ONLY,SOURCE_TYPE_FIELD_CONTAINS_LABEL_NOT_CODE|SOURCE_DETAIL_FIELD_CONTAINS_TYPE_CODE|OFFICIAL_DETAIL_CODE_UNAVAILABLE_IN_ATTACHMENT|SOURCE_TYPE_FIELD_DUPLICATES_ITEM_NAME
2024,A1101004,흉부방사선직촬14*17,흉부방사선직촬14*17,A,A,A11,,2001,2024,True,True,INTERNAL_ONLY,CLAIM_ETL_MAPPING_ONLY,SOURCE_TYPE_FIELD_CONTAINS_LABEL_NOT_CODE|SOURCE_DETAIL_FIELD_CONTAINS_TYPE_CODE|OFFICIAL_DETAIL_CODE_UNAVAILABLE_IN_ATTACHMENT|SOURCE_TYPE_FIELD_DUPLICATES_ITEM_NAME
2024,A1101005,요검사,요검사,A,A,A11,,2001,2024,True,True,INTERNAL_ONLY,CLAIM_ETL_MAPPING_ONLY,SOURCE_TYPE_FIELD_CONTAINS_LABEL_NOT_CODE|SOURCE_DETAIL_FIELD_CONTAINS_TYPE_CODE|OFFICIAL_DETAIL_CODE_UNAVAILABLE_IN_ATTACHMENT|SOURCE_TYPE_FIELD_DUPLICATES_ITEM_NAME
2024,A1101006,AST(SGOT),AST(SGOT),A,A,A11,,2001,2024,True,True,INTERNAL_ONLY,CLAIM_ETL_MAPPING_ONLY,SOURCE_TYPE_FIELD_CONTAINS_LABEL_NOT_CODE|SOURCE_DETAIL_FIELD_CONTAINS_TYPE_CODE|OFFICIAL_DETAIL_CODE_UNAVAILABLE_IN_ATTACHMENT|SOURCE_TYPE_FIELD_DUPLICATES_ITEM_NAME
2024,A1101007,ALT(SGPT),ALT(SGPT),A,A,A11,,2001,2024,True,True,INTERNAL_ONLY,CLAIM_ETL_MAPPING_ONLY,SOURCE_TYPE_FIELD_CONTAINS_LABEL_NOT_CODE|SOURCE_DETAIL_FIELD_CONTAINS_TYPE_CODE|OFFICIAL_DETAIL_CODE_UNAVAILABLE_IN_ATTACHMENT|SOURCE_TYPE_FIELD_DUPLICATES_ITEM_NAME
2024,A1101008,감마지피티,감마지피티,A,A,A11,,2001,2024,True,True,INTERNAL_ONLY,CLAIM_ETL_MAPPING_ONLY,SOURCE_TYPE_FIELD_CONTAINS_LABEL_NOT_CODE|SOURCE_DETAIL_FIELD_CONTAINS_TYPE_CODE|OFFICIAL_DETAIL_CODE_UNAVAILABLE_IN_ATTACHMENT|SOURCE_TYPE_FIELD_DUPLICATES_ITEM_NAME
2024,A1101009,혈청크레아티닌,혈청크레아티닌,A,A,A11,,2001,2024,True,True,INTERNAL_ONLY,CLAIM_ETL_MAPPING_ONLY,SOURCE_TYPE_FIELD_CONTAINS_LABEL_NOT_CODE|SOURCE_DETAIL_FIELD_CONTAINS_TYPE_CODE|OFFICIAL_DETAIL_CODE_UNAVAILABLE_IN_ATTACHMENT|SOURCE_TYPE_FIELD_DUPLICATES_ITEM_NAME
2024,A1101010,총콜레스테롤,총콜레스테롤,A,A,A11,,2001,2024,True,True,INTERNAL_ONLY,CLAIM_ETL_MAPPING_ONLY,SOURCE_TYPE_FIELD_CONTAINS_LABEL_NOT_CODE|SOURCE_DETAIL_FIELD_CONTAINS_TYPE_CODE|OFFICIAL_DETAIL_CODE_UNAVAILABLE_IN_ATTACHMENT|SOURCE_TYPE_FIELD_DUPLICATES_ITEM_NAME
2024,A1101011,중성지방,중성지방,A,A,A11,,2001,2024,True,True,INTERNAL_ONLY,CLAIM_ETL_MAPPING_ONLY,SOURCE_TYPE_FIELD_CONTAINS_LABEL_NOT_CODE|SOURCE_DETAIL_FIELD_CONTAINS_TYPE_CODE|OFFICIAL_DETAIL_CODE_UNAVAILABLE_IN_ATTACHMENT|SOURCE_TYPE_FIELD_DUPLICATES_ITEM_NAME
2024,A1101012,HDL콜레스테롤,HDL콜레스테롤,A,A,A11,,2001,2024,True,True,INTERNAL_ONLY,CLAIM_ETL_MAPPING_ONLY,SOURCE_TYPE_FIELD_CONTAINS_LABEL_NOT_CODE|SOURCE_DETAIL_FIELD_CONTAINS_TYPE_CODE|OFFICIAL_DETAIL_CODE_UNAVAILABLE_IN_ATTACHMENT|SOURCE_TYPE_FIELD_DUPLICATES_ITEM_NAME
2024,A1101013,혈색소,혈색소,A,A,A11,,2003,2024,True,True,INTERNAL_ONLY,CLAIM_ETL_MAPPING_ONLY,SOURCE_TYPE_FIELD_CONTAINS_LABEL_NOT_CODE|SOURCE_DETAIL_FIELD_CONTAINS_TYPE_CODE|OFFICIAL_DETAIL_CODE_UNAVAILABLE_IN_ATTACHMENT|SOURCE_TYPE_FIELD_DUPLICATES_ITEM_NAME
2024,A1101014,공복혈당,공복혈당,A,A,A11,,2006,2024,True,True,INTERNAL_ONLY,CLAIM_ETL_MAPPING_ONLY,SOURCE_TYPE_FIELD_CONTAINS_LABEL_NOT_CODE|SOURCE_DETAIL_FIELD_CONTAINS_TYPE_CODE|OFFICIAL_DETAIL_CODE_UNAVAILABLE_IN_ATTACHMENT|SOURCE_TYPE_FIELD_DUPLICATES_ITEM_NAME
2024,A1101015,B형간염표면항원(일반),B형간염표면항원(일반),A,A,A11,,2009,2024,True,True,INTERNAL_ONLY,CLAIM_ETL_MAPPING_ONLY,SOURCE_TYPE_FIELD_CONTAINS_LABEL_NOT_CODE|SOURCE_DETAIL_FIELD_CONTAINS_TYPE_CODE|OFFICIAL_DETAIL_CODE_UNAVAILABLE_IN_ATTACHMENT|SOURCE_TYPE_FIELD_DUPLICATES_ITEM_NAME
2024,A1101016,B형간염표면항원(정밀EIA),B형간염표면항원(정밀EIA),A,A,A11,,2009,2024,True,True,INTERNAL_ONLY,CLAIM_ETL_MAPPING_ONLY,SOURCE_TYPE_FIELD_CONTAINS_LABEL_NOT_CODE|SOURCE_DETAIL_FIELD_CONTAINS_TYPE_CODE|OFFICIAL_DETAIL_CODE_UNAVAILABLE_IN_ATTACHMENT|SOURCE_TYPE_FIELD_DUPLICATES_ITEM_NAME
2024,A1101017,양방사선골밀도검사(DEXA),양방사선골밀도검사(DEXA),A,A,A11,,2009,2024,True,True,INTERNAL_ONLY,CLAIM_ETL_MAPPING_ONLY,SOURCE_TYPE_FIELD_CONTAINS_LABEL_NOT_CODE|SOURCE_DETAIL_FIELD_CONTAINS_TYPE_CODE|OFFICIAL_DETAIL_CODE_UNAVAILABLE_IN_ATTACHMENT|SOURCE_TYPE_FIELD_DUPLICATES_ITEM_NAME
2024,A1101018,양방사선말단골밀도검사(pDEXA),양방사선말단골밀도검사(pDEXA),A,A,A11,,2009,2024,True,True,INTERNAL_ONLY,CLAIM_ETL_MAPPING_ONLY,SOURCE_TYPE_FIELD_CONTAINS_LABEL_NOT_CODE|SOURCE_DETAIL_FIELD_CONTAINS_TYPE_CODE|OFFICIAL_DETAIL_CODE_UNAVAILABLE_IN_ATTACHMENT|SOURCE_TYPE_FIELD_DUPLICATES_ITEM_NAME
2024,A1101020,정량적초음파골밀도검사(QUS),정량적초음파골밀도검사(QUS),A,A,A11,,2009,2024,True,True,INTERNAL_ONLY,CLAIM_ETL_MAPPING_ONLY,SOURCE_TYPE_FIELD_CONTAINS_LABEL_NOT_CODE|SOURCE_DETAIL_FIELD_CONTAINS_TYPE_CODE|OFFICIAL_DETAIL_CODE_UNAVAILABLE_IN_ATTACHMENT|SOURCE_TYPE_FIELD_DUPLICATES_ITEM_NAME
2024,A1101021,노인신체기능검사,노인신체기능검사,A,A,A11,,2009,2024,True,True,INTERNAL_ONLY,CLAIM_ETL_MAPPING_ONLY,SOURCE_TYPE_FIELD_CONTAINS_LABEL_NOT_CODE|SOURCE_DETAIL_FIELD_CONTAINS_TYPE_CODE|OFFICIAL_DETAIL_CODE_UNAVAILABLE_IN_ATTACHMENT|SOURCE_TYPE_FIELD_DUPLICATES_ITEM_NAME
2024,A1101022,B형간염표면항체(일반),B형간염표면항체(일반),A,A,A11,,2009,2024,True,True,INTERNAL_ONLY,CLAIM_ETL_MAPPING_ONLY,SOURCE_TYPE_FIELD_CONTAINS_LABEL_NOT_CODE|SOURCE_DETAIL_FIELD_CONTAINS_TYPE_CODE|OFFICIAL_DETAIL_CODE_UNAVAILABLE_IN_ATTACHMENT|SOURCE_TYPE_FIELD_DUPLICATES_ITEM_NAME
2024,A1101023,B형간염표면항체(정밀EIA),B형간염표면항체(정밀EIA),A,A,A11,,2009,2024,True,True,INTERNAL_ONLY,CLAIM_ETL_MAPPING_ONLY,SOURCE_TYPE_FIELD_CONTAINS_LABEL_NOT_CODE|SOURCE_DETAIL_FIELD_CONTAINS_TYPE_CODE|OFFICIAL_DETAIL_CODE_UNAVAILABLE_IN_ATTACHMENT|SOURCE_TYPE_FIELD_DUPLICATES_ITEM_NAME
2024,A1101024,흉부방사선CR/DR,흉부방사선CR/DR,A,A,A11,,2010,2024,True,True,INTERNAL_ONLY,CLAIM_ETL_MAPPING_ONLY,SOURCE_TYPE_FIELD_CONTAINS_LABEL_NOT_CODE|SOURCE_DETAIL_FIELD_CONTAINS_TYPE_CODE|OFFICIAL_DETAIL_CODE_UNAVAILABLE_IN_ATTACHMENT|SOURCE_TYPE_FIELD_DUPLICATES_ITEM_NAME
2024,A1101025,흉부방사선FullPacs,흉부방사선FullPacs,A,A,A11,,2010,2024,True,True,INTERNAL_ONLY,CLAIM_ETL_MAPPING_ONLY,SOURCE_TYPE_FIELD_CONTAINS_LABEL_NOT_CODE|SOURCE_DETAIL_FIELD_CONTAINS_TYPE_CODE|OFFICIAL_DETAIL_CODE_UNAVAILABLE_IN_ATTACHMENT|SOURCE_TYPE_FIELD_DUPLICATES_ITEM_NAME
2024,A1101026,B형간염표면항원(정밀RIA),B형간염표면항원(정밀RIA),A,A,A11,,2010,2024,True,True,INTERNAL_ONLY,CLAIM_ETL_MAPPING_ONLY,SOURCE_TYPE_FIELD_CONTAINS_LABEL_NOT_CODE|SOURCE_DETAIL_FIELD_CONTAINS_TYPE_CODE|OFFICIAL_DETAIL_CODE_UNAVAILABLE_IN_ATTACHMENT|SOURCE_TYPE_FIELD_DUPLICATES_ITEM_NAME
2024,A1101027,B형간염표면항체(정밀RIA),B형간염표면항체(정밀RIA),A,A,A11,,2010,2024,True,True,INTERNAL_ONLY,CLAIM_ETL_MAPPING_ONLY,SOURCE_TYPE_FIELD_CONTAINS_LABEL_NOT_CODE|SOURCE_DETAIL_FIELD_CONTAINS_TYPE_CODE|OFFICIAL_DETAIL_CODE_UNAVAILABLE_IN_ATTACHMENT|SOURCE_TYPE_FIELD_DUPLICATES_ITEM_NAME
2024,A1101028,LDL콜레스테롤,LDL콜레스테롤,A,A,A11,,2012,2024,True,True,INTERNAL_ONLY,CLAIM_ETL_MAPPING_ONLY,SOURCE_TYPE_FIELD_CONTAINS_LABEL_NOT_CODE|SOURCE_DETAIL_FIELD_CONTAINS_TYPE_CODE|OFFICIAL_DETAIL_CODE_UNAVAILABLE_IN_ATTACHMENT|SOURCE_TYPE_FIELD_DUPLICATES_ITEM_NAME
2024,A1101042,1차상담료공휴일가산,1차상담료공휴일가산,A,A,A11,,2011,2024,True,True,INTERNAL_ONLY,CLAIM_ETL_MAPPING_ONLY,SOURCE_TYPE_FIELD_CONTAINS_LABEL_NOT_CODE|SOURCE_DETAIL_FIELD_CONTAINS_TYPE_CODE|OFFICIAL_DETAIL_CODE_UNAVAILABLE_IN_ATTACHMENT|SOURCE_TYPE_FIELD_DUPLICATES_ITEM_NAME
2024,A1101052,정신건강검사(우울증),정신건강검사(우울증),A,A,A11,,2018,2024,True,True,INTERNAL_ONLY,CLAIM_ETL_MAPPING_ONLY,SOURCE_TYPE_FIELD_CONTAINS_LABEL_NOT_CODE|SOURCE_DETAIL_FIELD_CONTAINS_TYPE_CODE|OFFICIAL_DETAIL_CODE_UNAVAILABLE_IN_ATTACHMENT|SOURCE_TYPE_FIELD_DUPLICATES_ITEM_NAME
2024,A1101053,인지기능장애(KDSQ),인지기능장애(KDSQ),A,A,A11,,2018,2024,True,True,INTERNAL_ONLY,CLAIM_ETL_MAPPING_ONLY,SOURCE_TYPE_FIELD_CONTAINS_LABEL_NOT_CODE|SOURCE_DETAIL_FIELD_CONTAINS_TYPE_CODE|OFFICIAL_DETAIL_CODE_UNAVAILABLE_IN_ATTACHMENT|SOURCE_TYPE_FIELD_DUPLICATES_ITEM_NAME
2024,A1101054,정량적전산화단층골밀도검사(QCT),정량적전산화단층골밀도검사(QCT),A,A,A11,,2018,2024,True,True,INTERNAL_ONLY,CLAIM_ETL_MAPPING_ONLY,SOURCE_TYPE_FIELD_CONTAINS_LABEL_NOT_CODE|SOURCE_DETAIL_FIELD_CONTAINS_TYPE_CODE|OFFICIAL_DETAIL_CODE_UNAVAILABLE_IN_ATTACHMENT|SOURCE_TYPE_FIELD_DUPLICATES_ITEM_NAME
2024,A1101055,말단골정량적전산화단층골밀도검사(pQCT),말단골정량적전산화단층골밀도검사(pQCT),A,A,A11,,2018,2024,True,True,INTERNAL_ONLY,CLAIM_ETL_MAPPING_ONLY,SOURCE_TYPE_FIELD_CONTAINS_LABEL_NOT_CODE|SOURCE_DETAIL_FIELD_CONTAINS_TYPE_CODE|OFFICIAL_DETAIL_CODE_UNAVAILABLE_IN_ATTACHMENT|SOURCE_TYPE_FIELD_DUPLICATES_ITEM_NAME
2024,A1101056,장애인안전편의관리비,장애인안전편의관리비,A,A,A11,,2018,2024,True,True,INTERNAL_ONLY,CLAIM_ETL_MAPPING_ONLY,SOURCE_TYPE_FIELD_CONTAINS_LABEL_NOT_CODE|SOURCE_DETAIL_FIELD_CONTAINS_TYPE_CODE|OFFICIAL_DETAIL_CODE_UNAVAILABLE_IN_ATTACHMENT|SOURCE_TYPE_FIELD_DUPLICATES_ITEM_NAME
2024,A1102044,촬영및판독료,촬영및판독료,A,A,A11,,2009,2024,True,True,INTERNAL_ONLY,CLAIM_ETL_MAPPING_ONLY,SOURCE_TYPE_FIELD_CONTAINS_LABEL_NOT_CODE|SOURCE_DETAIL_FIELD_CONTAINS_TYPE_CODE|OFFICIAL_DETAIL_CODE_UNAVAILABLE_IN_ATTACHMENT|SOURCE_TYPE_FIELD_DUPLICATES_ITEM_NAME
2024,A1102045,필름14*14,필름14*14,A,A,A11,,2009,2024,True,True,INTERNAL_ONLY,CLAIM_ETL_MAPPING_ONLY,SOURCE_TYPE_FIELD_CONTAINS_LABEL_NOT_CODE|SOURCE_DETAIL_FIELD_CONTAINS_TYPE_CODE|OFFICIAL_DETAIL_CODE_UNAVAILABLE_IN_ATTACHMENT|SOURCE_TYPE_FIELD_DUPLICATES_ITEM_NAME
2024,A1102046,필름14*17,필름14*17,A,A,A11,,2009,2024,True,True,INTERNAL_ONLY,CLAIM_ETL_MAPPING_ONLY,SOURCE_TYPE_FIELD_CONTAINS_LABEL_NOT_CODE|SOURCE_DETAIL_FIELD_CONTAINS_TYPE_CODE|OFFICIAL_DETAIL_CODE_UNAVAILABLE_IN_ATTACHMENT|SOURCE_TYPE_FIELD_DUPLICATES_ITEM_NAME
2024,A1102047,CRorDR,CRorDR,A,A,A11,,2009,2024,True,True,INTERNAL_ONLY,CLAIM_ETL_MAPPING_ONLY,SOURCE_TYPE_FIELD_CONTAINS_LABEL_NOT_CODE|SOURCE_DETAIL_FIELD_CONTAINS_TYPE_CODE|OFFICIAL_DETAIL_CODE_UNAVAILABLE_IN_ATTACHMENT|SOURCE_TYPE_FIELD_DUPLICATES_ITEM_NAME
2024,A1102048,FullPACS,FullPACS,A,A,A11,,2011,2024,True,True,INTERNAL_ONLY,CLAIM_ETL_MAPPING_ONLY,SOURCE_TYPE_FIELD_CONTAINS_LABEL_NOT_CODE|SOURCE_DETAIL_FIELD_CONTAINS_TYPE_CODE|OFFICIAL_DETAIL_CODE_UNAVAILABLE_IN_ATTACHMENT|SOURCE_TYPE_FIELD_DUPLICATES_ITEM_NAME
2024,A2101030,2차상담료,2차상담료,A,A,A21,,2001,2024,True,True,INTERNAL_ONLY,CLAIM_ETL_MAPPING_ONLY,SOURCE_TYPE_FIELD_CONTAINS_LABEL_NOT_CODE|SOURCE_DETAIL_FIELD_CONTAINS_TYPE_CODE|OFFICIAL_DETAIL_CODE_UNAVAILABLE_IN_ATTACHMENT|SOURCE_TYPE_FIELD_DUPLICATES_ITEM_NAME
2024,A2101043,2차상담료공휴일가산,2차상담료공휴일가산,A,A,A21,,2008,2024,True,True,INTERNAL_ONLY,CLAIM_ETL_MAPPING_ONLY,SOURCE_TYPE_FIELD_CONTAINS_LABEL_NOT_CODE|SOURCE_DETAIL_FIELD_CONTAINS_TYPE_CODE|OFFICIAL_DETAIL_CODE_UNAVAILABLE_IN_ATTACHMENT|SOURCE_TYPE_FIELD_DUPLICATES_ITEM_NAME
2024,A2101046,생활습관흡연,생활습관흡연,A,A,A21,,2008,2024,True,True,INTERNAL_ONLY,CLAIM_ETL_MAPPING_ONLY,SOURCE_TYPE_FIELD_CONTAINS_LABEL_NOT_CODE|SOURCE_DETAIL_FIELD_CONTAINS_TYPE_CODE|OFFICIAL_DETAIL_CODE_UNAVAILABLE_IN_ATTACHMENT|SOURCE_TYPE_FIELD_DUPLICATES_ITEM_NAME
2024,A2101047,생활습관음주,생활습관음주,A,A,A21,,2008,2024,True,True,INTERNAL_ONLY,CLAIM_ETL_MAPPING_ONLY,SOURCE_TYPE_FIELD_CONTAINS_LABEL_NOT_CODE|SOURCE_DETAIL_FIELD_CONTAINS_TYPE_CODE|OFFICIAL_DETAIL_CODE_UNAVAILABLE_IN_ATTACHMENT|SOURCE_TYPE_FIELD_DUPLICATES_ITEM_NAME
2024,A2101048,생활습관운동,생활습관운동,A,A,A21,,2008,2024,True,True,INTERNAL_ONLY,CLAIM_ETL_MAPPING_ONLY,SOURCE_TYPE_FIELD_CONTAINS_LABEL_NOT_CODE|SOURCE_DETAIL_FIELD_CONTAINS_TYPE_CODE|OFFICIAL_DETAIL_CODE_UNAVAILABLE_IN_ATTACHMENT|SOURCE_TYPE_FIELD_DUPLICATES_ITEM_NAME
2024,A2101049,생활습관영양,생활습관영양,A,A,A21,,2019,2024,True,True,INTERNAL_ONLY,CLAIM_ETL_MAPPING_ONLY,SOURCE_TYPE_FIELD_CONTAINS_LABEL_NOT_CODE|SOURCE_DETAIL_FIELD_CONTAINS_TYPE_CODE|OFFICIAL_DETAIL_CODE_UNAVAILABLE_IN_ATTACHMENT|SOURCE_TYPE_FIELD_DUPLICATES_ITEM_NAME
2024,A2101050,생활습관비만,생활습관비만,A,A,A21,,2019,2024,True,True,INTERNAL_ONLY,CLAIM_ETL_MAPPING_ONLY,SOURCE_TYPE_FIELD_CONTAINS_LABEL_NOT_CODE|SOURCE_DETAIL_FIELD_CONTAINS_TYPE_CODE|OFFICIAL_DETAIL_CODE_UNAVAILABLE_IN_ATTACHMENT|SOURCE_TYPE_FIELD_DUPLICATES_ITEM_NAME
2024,A2101051,생활습관상담료(기본료),생활습관상담료(기본료),A,A,A21,,2019,2024,True,True,INTERNAL_ONLY,CLAIM_ETL_MAPPING_ONLY,SOURCE_TYPE_FIELD_CONTAINS_LABEL_NOT_CODE|SOURCE_DETAIL_FIELD_CONTAINS_TYPE_CODE|OFFICIAL_DETAIL_CODE_UNAVAILABLE_IN_ATTACHMENT|SOURCE_TYPE_FIELD_DUPLICATES_ITEM_NAME
2024,C1101001,구강검사진찰및상담,구강검사진찰및상담,C,C,C11,,2001,2024,True,True,INTERNAL_ONLY,CLAIM_ETL_MAPPING_ONLY,SOURCE_TYPE_FIELD_CONTAINS_LABEL_NOT_CODE|SOURCE_DETAIL_FIELD_CONTAINS_TYPE_CODE|OFFICIAL_DETAIL_CODE_UNAVAILABLE_IN_ATTACHMENT|SOURCE_TYPE_FIELD_DUPLICATES_ITEM_NAME
2024,C1101002,치면세균막검사,치면세균막검사,C,C,C11,,2007,2024,True,True,INTERNAL_ONLY,CLAIM_ETL_MAPPING_ONLY,SOURCE_TYPE_FIELD_CONTAINS_LABEL_NOT_CODE|SOURCE_DETAIL_FIELD_CONTAINS_TYPE_CODE|OFFICIAL_DETAIL_CODE_UNAVAILABLE_IN_ATTACHMENT|SOURCE_TYPE_FIELD_DUPLICATES_ITEM_NAME
2024,C1101003,구강검사진찰및상담공휴일가산,구강검사진찰및상담공휴일가산,C,C,C11,,2011,2024,True,True,INTERNAL_ONLY,CLAIM_ETL_MAPPING_ONLY,SOURCE_TYPE_FIELD_CONTAINS_LABEL_NOT_CODE|SOURCE_DETAIL_FIELD_CONTAINS_TYPE_CODE|OFFICIAL_DETAIL_CODE_UNAVAILABLE_IN_ATTACHMENT|SOURCE_TYPE_FIELD_DUPLICATES_ITEM_NAME
2024,D3101001,(위암)상담료및행정비용,(위암)상담료및행정비용,D,D,D31,,2007,2024,True,True,INTERNAL_ONLY,CLAIM_ETL_MAPPING_ONLY,SOURCE_TYPE_FIELD_CONTAINS_LABEL_NOT_CODE|SOURCE_DETAIL_FIELD_CONTAINS_TYPE_CODE|OFFICIAL_DETAIL_CODE_UNAVAILABLE_IN_ATTACHMENT|SOURCE_TYPE_FIELD_DUPLICATES_ITEM_NAME
2024,D3101003,(위암)위내시경검사,(위암)위내시경검사,D,D,D31,,2007,2024,True,True,INTERNAL_ONLY,CLAIM_ETL_MAPPING_ONLY,SOURCE_TYPE_FIELD_CONTAINS_LABEL_NOT_CODE|SOURCE_DETAIL_FIELD_CONTAINS_TYPE_CODE|OFFICIAL_DETAIL_CODE_UNAVAILABLE_IN_ATTACHMENT|SOURCE_TYPE_FIELD_DUPLICATES_ITEM_NAME
2024,D3101004,(위암)조직검사,(위암)조직검사,D,D,D31,,2007,2024,True,True,INTERNAL_ONLY,CLAIM_ETL_MAPPING_ONLY,SOURCE_TYPE_FIELD_CONTAINS_LABEL_NOT_CODE|SOURCE_DETAIL_FIELD_CONTAINS_TYPE_CODE|OFFICIAL_DETAIL_CODE_UNAVAILABLE_IN_ATTACHMENT|SOURCE_TYPE_FIELD_DUPLICATES_ITEM_NAME
2024,D3101040,(위암)포셉,(위암)포셉,D,D,D31,,2015,2024,True,True,INTERNAL_ONLY,CLAIM_ETL_MAPPING_ONLY,SOURCE_TYPE_FIELD_CONTAINS_LABEL_NOT_CODE|SOURCE_DETAIL_FIELD_CONTAINS_TYPE_CODE|OFFICIAL_DETAIL_CODE_UNAVAILABLE_IN_ATTACHMENT|SOURCE_TYPE_FIELD_DUPLICATES_ITEM_NAME
2024,D3101044,(위암)상담료공휴일가산,(위암)상담료공휴일가산,D,D,D31,,2011,2024,True,True,INTERNAL_ONLY,CLAIM_ETL_MAPPING_ONLY,SOURCE_TYPE_FIELD_CONTAINS_LABEL_NOT_CODE|SOURCE_DETAIL_FIELD_CONTAINS_TYPE_CODE|OFFICIAL_DETAIL_CODE_UNAVAILABLE_IN_ATTACHMENT|SOURCE_TYPE_FIELD_DUPLICATES_ITEM_NAME
2024,D3101045,(위암)장애인안전편의관리비(조영),(위암)장애인안전편의관리비(조영),D,D,D31,,2018,2024,True,True,INTERNAL_ONLY,CLAIM_ETL_MAPPING_ONLY,SOURCE_TYPE_FIELD_CONTAINS_LABEL_NOT_CODE|SOURCE_DETAIL_FIELD_CONTAINS_TYPE_CODE|OFFICIAL_DETAIL_CODE_UNAVAILABLE_IN_ATTACHMENT|SOURCE_TYPE_FIELD_DUPLICATES_ITEM_NAME
2024,D3101046,(위암)장애인안전편의관리비(내시경),(위암)장애인안전편의관리비(내시경),D,D,D31,,2018,2024,True,True,INTERNAL_ONLY,CLAIM_ETL_MAPPING_ONLY,SOURCE_TYPE_FIELD_CONTAINS_LABEL_NOT_CODE|SOURCE_DETAIL_FIELD_CONTAINS_TYPE_CODE|OFFICIAL_DETAIL_CODE_UNAVAILABLE_IN_ATTACHMENT|SOURCE_TYPE_FIELD_DUPLICATES_ITEM_NAME
2024,D3101047,(위암)위장조영검사(직촬/바륨분말300g),(위암)위장조영검사(직촬/바륨분말300g),D,D,D31,,2019,2024,True,True,INTERNAL_ONLY,CLAIM_ETL_MAPPING_ONLY,SOURCE_TYPE_FIELD_CONTAINS_LABEL_NOT_CODE|SOURCE_DETAIL_FIELD_CONTAINS_TYPE_CODE|OFFICIAL_DETAIL_CODE_UNAVAILABLE_IN_ATTACHMENT|SOURCE_TYPE_FIELD_DUPLICATES_ITEM_NAME
2024,D3101048,(위암)위장조영검사(직촬/바륨분말340g),(위암)위장조영검사(직촬/바륨분말340g),D,D,D31,,2019,2024,True,True,INTERNAL_ONLY,CLAIM_ETL_MAPPING_ONLY,SOURCE_TYPE_FIELD_CONTAINS_LABEL_NOT_CODE|SOURCE_DETAIL_FIELD_CONTAINS_TYPE_CODE|OFFICIAL_DETAIL_CODE_UNAVAILABLE_IN_ATTACHMENT|SOURCE_TYPE_FIELD_DUPLICATES_ITEM_NAME
2024,D3101049,(위암)위장조영검사(CR/DR/바륨분말300g),(위암)위장조영검사(CR/DR/바륨분말300g),D,D,D31,,2019,2024,True,True,INTERNAL_ONLY,CLAIM_ETL_MAPPING_ONLY,SOURCE_TYPE_FIELD_CONTAINS_LABEL_NOT_CODE|SOURCE_DETAIL_FIELD_CONTAINS_TYPE_CODE|OFFICIAL_DETAIL_CODE_UNAVAILABLE_IN_ATTACHMENT|SOURCE_TYPE_FIELD_DUPLICATES_ITEM_NAME
2024,D3101050,(위암)위장조영검사(CR/DR/바륨분말340g),(위암)위장조영검사(CR/DR/바륨분말340g),D,D,D31,,2019,2024,True,True,INTERNAL_ONLY,CLAIM_ETL_MAPPING_ONLY,SOURCE_TYPE_FIELD_CONTAINS_LABEL_NOT_CODE|SOURCE_DETAIL_FIELD_CONTAINS_TYPE_CODE|OFFICIAL_DETAIL_CODE_UNAVAILABLE_IN_ATTACHMENT|SOURCE_TYPE_FIELD_DUPLICATES_ITEM_NAME
2024,D3101051,(위암)위장조영검사(FullPACS/바륨분말300g),(위암)위장조영검사(FullPACS/바륨분말300g),D,D,D31,,2019,2024,True,True,INTERNAL_ONLY,CLAIM_ETL_MAPPING_ONLY,SOURCE_TYPE_FIELD_CONTAINS_LABEL_NOT_CODE|SOURCE_DETAIL_FIELD_CONTAINS_TYPE_CODE|OFFICIAL_DETAIL_CODE_UNAVAILABLE_IN_ATTACHMENT|SOURCE_TYPE_FIELD_DUPLICATES_ITEM_NAME
2024,D3101052,(위암)위장조영검사(FullPACS/바륨분말340g),(위암)위장조영검사(FullPACS/바륨분말340g),D,D,D31,,2019,2024,True,True,INTERNAL_ONLY,CLAIM_ETL_MAPPING_ONLY,SOURCE_TYPE_FIELD_CONTAINS_LABEL_NOT_CODE|SOURCE_DETAIL_FIELD_CONTAINS_TYPE_CODE|OFFICIAL_DETAIL_CODE_UNAVAILABLE_IN_ATTACHMENT|SOURCE_TYPE_FIELD_DUPLICATES_ITEM_NAME
2024,D3101053,(위암)세척료,(위암)세척료,D,D,D31,,2020,2024,True,True,INTERNAL_ONLY,CLAIM_ETL_MAPPING_ONLY,SOURCE_TYPE_FIELD_CONTAINS_LABEL_NOT_CODE|SOURCE_DETAIL_FIELD_CONTAINS_TYPE_CODE|OFFICIAL_DETAIL_CODE_UNAVAILABLE_IN_ATTACHMENT|SOURCE_TYPE_FIELD_DUPLICATES_ITEM_NAME
2024,D3102049,(위암)촬영및판독료,(위암)촬영및판독료,D,D,D31,,2010,2024,True,True,INTERNAL_ONLY,CLAIM_ETL_MAPPING_ONLY,SOURCE_TYPE_FIELD_CONTAINS_LABEL_NOT_CODE|SOURCE_DETAIL_FIELD_CONTAINS_TYPE_CODE|OFFICIAL_DETAIL_CODE_UNAVAILABLE_IN_ATTACHMENT|SOURCE_TYPE_FIELD_DUPLICATES_ITEM_NAME
2024,D3102050,(위암)필름료10*12:6매,(위암)필름료10*12:6매,D,D,D31,,2010,2024,True,True,INTERNAL_ONLY,CLAIM_ETL_MAPPING_ONLY,SOURCE_TYPE_FIELD_CONTAINS_LABEL_NOT_CODE|SOURCE_DETAIL_FIELD_CONTAINS_TYPE_CODE|OFFICIAL_DETAIL_CODE_UNAVAILABLE_IN_ATTACHMENT|SOURCE_TYPE_FIELD_DUPLICATES_ITEM_NAME
2024,D3102052,(위암)발포과립,(위암)발포과립,D,D,D31,,2010,2024,True,True,INTERNAL_ONLY,CLAIM_ETL_MAPPING_ONLY,SOURCE_TYPE_FIELD_CONTAINS_LABEL_NOT_CODE|SOURCE_DETAIL_FIELD_CONTAINS_TYPE_CODE|OFFICIAL_DETAIL_CODE_UNAVAILABLE_IN_ATTACHMENT|SOURCE_TYPE_FIELD_DUPLICATES_ITEM_NAME
2024,D3102053,(위암)CRorDR,(위암)CRorDR,D,D,D31,,2010,2024,True,True,INTERNAL_ONLY,CLAIM_ETL_MAPPING_ONLY,SOURCE_TYPE_FIELD_CONTAINS_LABEL_NOT_CODE|SOURCE_DETAIL_FIELD_CONTAINS_TYPE_CODE|OFFICIAL_DETAIL_CODE_UNAVAILABLE_IN_ATTACHMENT|SOURCE_TYPE_FIELD_DUPLICATES_ITEM_NAME
2024,D3102054,(위암)FullPACS,(위암)FullPACS,D,D,D31,,2010,2024,True,True,INTERNAL_ONLY,CLAIM_ETL_MAPPING_ONLY,SOURCE_TYPE_FIELD_CONTAINS_LABEL_NOT_CODE|SOURCE_DETAIL_FIELD_CONTAINS_TYPE_CODE|OFFICIAL_DETAIL_CODE_UNAVAILABLE_IN_ATTACHMENT|SOURCE_TYPE_FIELD_DUPLICATES_ITEM_NAME
2024,D3102055,(위암)검사료,(위암)검사료,D,D,D31,,2010,2024,True,True,INTERNAL_ONLY,CLAIM_ETL_MAPPING_ONLY,SOURCE_TYPE_FIELD_CONTAINS_LABEL_NOT_CODE|SOURCE_DETAIL_FIELD_CONTAINS_TYPE_CODE|OFFICIAL_DETAIL_CODE_UNAVAILABLE_IN_ATTACHMENT|SOURCE_TYPE_FIELD_DUPLICATES_ITEM_NAME
2024,D3102056,(위암)주사약제(아트로핀),(위암)주사약제(아트로핀),D,D,D31,,2010,2024,True,True,INTERNAL_ONLY,CLAIM_ETL_MAPPING_ONLY,SOURCE_TYPE_FIELD_CONTAINS_LABEL_NOT_CODE|SOURCE_DETAIL_FIELD_CONTAINS_TYPE_CODE|OFFICIAL_DETAIL_CODE_UNAVAILABLE_IN_ATTACHMENT|SOURCE_TYPE_FIELD_DUPLICATES_ITEM_NAME
2024,D3102057,(위암)주사약제(부스코판),(위암)주사약제(부스코판),D,D,D31,,2010,2024,True,True,INTERNAL_ONLY,CLAIM_ETL_MAPPING_ONLY,SOURCE_TYPE_FIELD_CONTAINS_LABEL_NOT_CODE|SOURCE_DETAIL_FIELD_CONTAINS_TYPE_CODE|OFFICIAL_DETAIL_CODE_UNAVAILABLE_IN_ATTACHMENT|SOURCE_TYPE_FIELD_DUPLICATES_ITEM_NAME
2024,D3102058,(위암)주사료,(위암)주사료,D,D,D31,,2010,2024,True,True,INTERNAL_ONLY,CLAIM_ETL_MAPPING_ONLY,SOURCE_TYPE_FIELD_CONTAINS_LABEL_NOT_CODE|SOURCE_DETAIL_FIELD_CONTAINS_TYPE_CODE|OFFICIAL_DETAIL_CODE_UNAVAILABLE_IN_ATTACHMENT|SOURCE_TYPE_FIELD_DUPLICATES_ITEM_NAME
2024,D3102059,(위암)내시경하생검,(위암)내시경하생검,D,D,D31,,2010,2024,True,True,INTERNAL_ONLY,CLAIM_ETL_MAPPING_ONLY,SOURCE_TYPE_FIELD_CONTAINS_LABEL_NOT_CODE|SOURCE_DETAIL_FIELD_CONTAINS_TYPE_CODE|OFFICIAL_DETAIL_CODE_UNAVAILABLE_IN_ATTACHMENT|SOURCE_TYPE_FIELD_DUPLICATES_ITEM_NAME
2024,D3102060,(위암)병리조직검사,(위암)병리조직검사,D,D,D31,,2011,2024,True,True,INTERNAL_ONLY,CLAIM_ETL_MAPPING_ONLY,SOURCE_TYPE_FIELD_CONTAINS_LABEL_NOT_CODE|SOURCE_DETAIL_FIELD_CONTAINS_TYPE_CODE|OFFICIAL_DETAIL_CODE_UNAVAILABLE_IN_ATTACHMENT|SOURCE_TYPE_FIELD_DUPLICATES_ITEM_NAME
2024,D3102065,(위암)바륨분말300g,(위암)바륨분말300g,D,D,D31,,2019,2024,True,True,INTERNAL_ONLY,CLAIM_ETL_MAPPING_ONLY,SOURCE_TYPE_FIELD_CONTAINS_LABEL_NOT_CODE|SOURCE_DETAIL_FIELD_CONTAINS_TYPE_CODE|OFFICIAL_DETAIL_CODE_UNAVAILABLE_IN_ATTACHMENT|SOURCE_TYPE_FIELD_DUPLICATES_ITEM_NAME
2024,D3102066,(위암)바륨분말340g,(위암)바륨분말340g,D,D,D31,,2019,2024,True,True,INTERNAL_ONLY,CLAIM_ETL_MAPPING_ONLY,SOURCE_TYPE_FIELD_CONTAINS_LABEL_NOT_CODE|SOURCE_DETAIL_FIELD_CONTAINS_TYPE_CODE|OFFICIAL_DETAIL_CODE_UNAVAILABLE_IN_ATTACHMENT|SOURCE_TYPE_FIELD_DUPLICATES_ITEM_NAME
2024,D3201006,(대장암)분변잠혈(RPHA),(대장암)분변잠혈(RPHA),D,D,D32,,2007,2024,True,True,INTERNAL_ONLY,CLAIM_ETL_MAPPING_ONLY,SOURCE_TYPE_FIELD_CONTAINS_LABEL_NOT_CODE|SOURCE_DETAIL_FIELD_CONTAINS_TYPE_CODE|OFFICIAL_DETAIL_CODE_UNAVAILABLE_IN_ATTACHMENT|SOURCE_TYPE_FIELD_DUPLICATES_ITEM_NAME
2024,D3201007,(대장암)대장이중조영검사(직촬),(대장암)대장이중조영검사(직촬),D,D,D32,,2007,2024,True,True,INTERNAL_ONLY,CLAIM_ETL_MAPPING_ONLY,SOURCE_TYPE_FIELD_CONTAINS_LABEL_NOT_CODE|SOURCE_DETAIL_FIELD_CONTAINS_TYPE_CODE|OFFICIAL_DETAIL_CODE_UNAVAILABLE_IN_ATTACHMENT|SOURCE_TYPE_FIELD_DUPLICATES_ITEM_NAME
2024,D3201008,(대장암)대장내시경검사(전처치재료4L),(대장암)대장내시경검사(전처치재료4L),D,D,D32,,2007,2024,True,True,INTERNAL_ONLY,CLAIM_ETL_MAPPING_ONLY,SOURCE_TYPE_FIELD_CONTAINS_LABEL_NOT_CODE|SOURCE_DETAIL_FIELD_CONTAINS_TYPE_CODE|OFFICIAL_DETAIL_CODE_UNAVAILABLE_IN_ATTACHMENT|SOURCE_TYPE_FIELD_DUPLICATES_ITEM_NAME
2024,D3201009,(대장암)대장내시경검사(전처치재료2L),(대장암)대장내시경검사(전처치재료2L),D,D,D32,,2014,2024,True,True,INTERNAL_ONLY,CLAIM_ETL_MAPPING_ONLY,SOURCE_TYPE_FIELD_CONTAINS_LABEL_NOT_CODE|SOURCE_DETAIL_FIELD_CONTAINS_TYPE_CODE|OFFICIAL_DETAIL_CODE_UNAVAILABLE_IN_ATTACHMENT|SOURCE_TYPE_FIELD_DUPLICATES_ITEM_NAME
2024,D3201010,(대장암)대장내시경검사(전처치재료354㎖),(대장암)대장내시경검사(전처치재료354㎖),D,D,D32,,2019,2024,True,True,INTERNAL_ONLY,CLAIM_ETL_MAPPING_ONLY,SOURCE_TYPE_FIELD_CONTAINS_LABEL_NOT_CODE|SOURCE_DETAIL_FIELD_CONTAINS_TYPE_CODE|OFFICIAL_DETAIL_CODE_UNAVAILABLE_IN_ATTACHMENT|SOURCE_TYPE_FIELD_DUPLICATES_ITEM_NAME
2024,D3201012,(대장암)대장내시경검사(전처치재료45.26g),(대장암)대장내시경검사(전처치재료45.26g),D,D,D32,,2019,2024,True,True,INTERNAL_ONLY,CLAIM_ETL_MAPPING_ONLY,SOURCE_TYPE_FIELD_CONTAINS_LABEL_NOT_CODE|SOURCE_DETAIL_FIELD_CONTAINS_TYPE_CODE|OFFICIAL_DETAIL_CODE_UNAVAILABLE_IN_ATTACHMENT|SOURCE_TYPE_FIELD_DUPLICATES_ITEM_NAME
2024,D3201013,(대장암)대장내시경검사(전처치재료1L),(대장암)대장내시경검사(전처치재료1L),D,D,D32,,2021,2024,True,True,INTERNAL_ONLY,CLAIM_ETL_MAPPING_ONLY,SOURCE_TYPE_FIELD_CONTAINS_LABEL_NOT_CODE|SOURCE_DETAIL_FIELD_CONTAINS_TYPE_CODE|OFFICIAL_DETAIL_CODE_UNAVAILABLE_IN_ATTACHMENT|SOURCE_TYPE_FIELD_DUPLICATES_ITEM_NAME
2024,D3201016,(대장암)분변잠혈(정량법),(대장암)분변잠혈(정량법),D,D,D32,,2007,2024,True,True,INTERNAL_ONLY,CLAIM_ETL_MAPPING_ONLY,SOURCE_TYPE_FIELD_CONTAINS_LABEL_NOT_CODE|SOURCE_DETAIL_FIELD_CONTAINS_TYPE_CODE|OFFICIAL_DETAIL_CODE_UNAVAILABLE_IN_ATTACHMENT|SOURCE_TYPE_FIELD_DUPLICATES_ITEM_NAME
2024,D3201021,(대장암)상담료및행정비용,(대장암)상담료및행정비용,D,D,D32,,2007,2024,True,True,INTERNAL_ONLY,CLAIM_ETL_MAPPING_ONLY,SOURCE_TYPE_FIELD_CONTAINS_LABEL_NOT_CODE|SOURCE_DETAIL_FIELD_CONTAINS_TYPE_CODE|OFFICIAL_DETAIL_CODE_UNAVAILABLE_IN_ATTACHMENT|SOURCE_TYPE_FIELD_DUPLICATES_ITEM_NAME
2024,D3201037,(대장암)대장이중조영(CR/DR),(대장암)대장이중조영(CR/DR),D,D,D32,,2010,2024,True,True,INTERNAL_ONLY,CLAIM_ETL_MAPPING_ONLY,SOURCE_TYPE_FIELD_CONTAINS_LABEL_NOT_CODE|SOURCE_DETAIL_FIELD_CONTAINS_TYPE_CODE|OFFICIAL_DETAIL_CODE_UNAVAILABLE_IN_ATTACHMENT|SOURCE_TYPE_FIELD_DUPLICATES_ITEM_NAME
2024,D3201038,(대장암)대장이중조영(FullPacs),(대장암)대장이중조영(FullPacs),D,D,D32,,2010,2024,True,True,INTERNAL_ONLY,CLAIM_ETL_MAPPING_ONLY,SOURCE_TYPE_FIELD_CONTAINS_LABEL_NOT_CODE|SOURCE_DETAIL_FIELD_CONTAINS_TYPE_CODE|OFFICIAL_DETAIL_CODE_UNAVAILABLE_IN_ATTACHMENT|SOURCE_TYPE_FIELD_DUPLICATES_ITEM_NAME
2024,D3201040,(대장암)포셉,(대장암)포셉,D,D,D32,,2015,2024,True,True,INTERNAL_ONLY,CLAIM_ETL_MAPPING_ONLY,SOURCE_TYPE_FIELD_CONTAINS_LABEL_NOT_CODE|SOURCE_DETAIL_FIELD_CONTAINS_TYPE_CODE|OFFICIAL_DETAIL_CODE_UNAVAILABLE_IN_ATTACHMENT|SOURCE_TYPE_FIELD_DUPLICATES_ITEM_NAME
2024,D3201045,(대장암)상담료공휴일가산,(대장암)상담료공휴일가산,D,D,D32,,2011,2024,True,True,INTERNAL_ONLY,CLAIM_ETL_MAPPING_ONLY,SOURCE_TYPE_FIELD_CONTAINS_LABEL_NOT_CODE|SOURCE_DETAIL_FIELD_CONTAINS_TYPE_CODE|OFFICIAL_DETAIL_CODE_UNAVAILABLE_IN_ATTACHMENT|SOURCE_TYPE_FIELD_DUPLICATES_ITEM_NAME
2024,D3201046,(대장암)장애인안전편의관리비(분변),(대장암)장애인안전편의관리비(분변),D,D,D32,,2018,2024,True,True,INTERNAL_ONLY,CLAIM_ETL_MAPPING_ONLY,SOURCE_TYPE_FIELD_CONTAINS_LABEL_NOT_CODE|SOURCE_DETAIL_FIELD_CONTAINS_TYPE_CODE|OFFICIAL_DETAIL_CODE_UNAVAILABLE_IN_ATTACHMENT|SOURCE_TYPE_FIELD_DUPLICATES_ITEM_NAME
2024,D3201047,(대장암)장애인안전편의관리비(조영),(대장암)장애인안전편의관리비(조영),D,D,D32,,2018,2024,True,True,INTERNAL_ONLY,CLAIM_ETL_MAPPING_ONLY,SOURCE_TYPE_FIELD_CONTAINS_LABEL_NOT_CODE|SOURCE_DETAIL_FIELD_CONTAINS_TYPE_CODE|OFFICIAL_DETAIL_CODE_UNAVAILABLE_IN_ATTACHMENT|SOURCE_TYPE_FIELD_DUPLICATES_ITEM_NAME
2024,D3201048,(대장암)장애인안전편의관리비(내시경),(대장암)장애인안전편의관리비(내시경),D,D,D32,,2018,2024,True,True,INTERNAL_ONLY,CLAIM_ETL_MAPPING_ONLY,SOURCE_TYPE_FIELD_CONTAINS_LABEL_NOT_CODE|SOURCE_DETAIL_FIELD_CONTAINS_TYPE_CODE|OFFICIAL_DETAIL_CODE_UNAVAILABLE_IN_ATTACHMENT|SOURCE_TYPE_FIELD_DUPLICATES_ITEM_NAME
2024,D3201053,(대장암)세척료4L,(대장암)세척료4L,D,D,D32,,2020,2024,True,True,INTERNAL_ONLY,CLAIM_ETL_MAPPING_ONLY,SOURCE_TYPE_FIELD_CONTAINS_LABEL_NOT_CODE|SOURCE_DETAIL_FIELD_CONTAINS_TYPE_CODE|OFFICIAL_DETAIL_CODE_UNAVAILABLE_IN_ATTACHMENT|SOURCE_TYPE_FIELD_DUPLICATES_ITEM_NAME
2024,D3201054,(대장암)세척료2L,(대장암)세척료2L,D,D,D32,,2020,2024,True,True,INTERNAL_ONLY,CLAIM_ETL_MAPPING_ONLY,SOURCE_TYPE_FIELD_CONTAINS_LABEL_NOT_CODE|SOURCE_DETAIL_FIELD_CONTAINS_TYPE_CODE|OFFICIAL_DETAIL_CODE_UNAVAILABLE_IN_ATTACHMENT|SOURCE_TYPE_FIELD_DUPLICATES_ITEM_NAME
2024,D3201055,(대장암)세척료354㎖,(대장암)세척료354㎖,D,D,D32,,2020,2024,True,True,INTERNAL_ONLY,CLAIM_ETL_MAPPING_ONLY,SOURCE_TYPE_FIELD_CONTAINS_LABEL_NOT_CODE|SOURCE_DETAIL_FIELD_CONTAINS_TYPE_CODE|OFFICIAL_DETAIL_CODE_UNAVAILABLE_IN_ATTACHMENT|SOURCE_TYPE_FIELD_DUPLICATES_ITEM_NAME
2024,D3201056,(대장암)세척료45.26g,(대장암)세척료45.26g,D,D,D32,,2020,2024,True,True,INTERNAL_ONLY,CLAIM_ETL_MAPPING_ONLY,SOURCE_TYPE_FIELD_CONTAINS_LABEL_NOT_CODE|SOURCE_DETAIL_FIELD_CONTAINS_TYPE_CODE|OFFICIAL_DETAIL_CODE_UNAVAILABLE_IN_ATTACHMENT|SOURCE_TYPE_FIELD_DUPLICATES_ITEM_NAME
2024,D3201057,(대장암)세척료1L,(대장암)세척료1L,D,D,D32,,2021,2024,True,True,INTERNAL_ONLY,CLAIM_ETL_MAPPING_ONLY,SOURCE_TYPE_FIELD_CONTAINS_LABEL_NOT_CODE|SOURCE_DETAIL_FIELD_CONTAINS_TYPE_CODE|OFFICIAL_DETAIL_CODE_UNAVAILABLE_IN_ATTACHMENT|SOURCE_TYPE_FIELD_DUPLICATES_ITEM_NAME
2024,D3201065,(대장암)내시경하생검,(대장암)내시경하생검,D,D,D32,,2020,2024,True,True,INTERNAL_ONLY,CLAIM_ETL_MAPPING_ONLY,SOURCE_TYPE_FIELD_CONTAINS_LABEL_NOT_CODE|SOURCE_DETAIL_FIELD_CONTAINS_TYPE_CODE|OFFICIAL_DETAIL_CODE_UNAVAILABLE_IN_ATTACHMENT|SOURCE_TYPE_FIELD_DUPLICATES_ITEM_NAME
2024,D3201066,(대장암)병리조직검사,(대장암)병리조직검사,D,D,D32,,2020,2024,True,True,INTERNAL_ONLY,CLAIM_ETL_MAPPING_ONLY,SOURCE_TYPE_FIELD_CONTAINS_LABEL_NOT_CODE|SOURCE_DETAIL_FIELD_CONTAINS_TYPE_CODE|OFFICIAL_DETAIL_CODE_UNAVAILABLE_IN_ATTACHMENT|SOURCE_TYPE_FIELD_DUPLICATES_ITEM_NAME
2024,D3202069,(대장암)촬영및판독료,(대장암)촬영및판독료,D,D,D32,,2010,2024,True,True,INTERNAL_ONLY,CLAIM_ETL_MAPPING_ONLY,SOURCE_TYPE_FIELD_CONTAINS_LABEL_NOT_CODE|SOURCE_DETAIL_FIELD_CONTAINS_TYPE_CODE|OFFICIAL_DETAIL_CODE_UNAVAILABLE_IN_ATTACHMENT|SOURCE_TYPE_FIELD_DUPLICATES_ITEM_NAME
2024,D3202070,(대장암)필름료(14*17:4매10*12:6매),(대장암)필름료(14*17:4매10*12:6매),D,D,D32,,2010,2024,True,True,INTERNAL_ONLY,CLAIM_ETL_MAPPING_ONLY,SOURCE_TYPE_FIELD_CONTAINS_LABEL_NOT_CODE|SOURCE_DETAIL_FIELD_CONTAINS_TYPE_CODE|OFFICIAL_DETAIL_CODE_UNAVAILABLE_IN_ATTACHMENT|SOURCE_TYPE_FIELD_DUPLICATES_ITEM_NAME
2024,D3202071,(대장암)바륨분말,(대장암)바륨분말,D,D,D32,,2010,2024,True,True,INTERNAL_ONLY,CLAIM_ETL_MAPPING_ONLY,SOURCE_TYPE_FIELD_CONTAINS_LABEL_NOT_CODE|SOURCE_DETAIL_FIELD_CONTAINS_TYPE_CODE|OFFICIAL_DETAIL_CODE_UNAVAILABLE_IN_ATTACHMENT|SOURCE_TYPE_FIELD_DUPLICATES_ITEM_NAME
2024,D3202072,(대장암)전처치하제,(대장암)전처치하제,D,D,D32,,2010,2024,True,True,INTERNAL_ONLY,CLAIM_ETL_MAPPING_ONLY,SOURCE_TYPE_FIELD_CONTAINS_LABEL_NOT_CODE|SOURCE_DETAIL_FIELD_CONTAINS_TYPE_CODE|OFFICIAL_DETAIL_CODE_UNAVAILABLE_IN_ATTACHMENT|SOURCE_TYPE_FIELD_DUPLICATES_ITEM_NAME
2024,D3202073,(대장암)CRorDR,(대장암)CRorDR,D,D,D32,,2010,2024,True,True,INTERNAL_ONLY,CLAIM_ETL_MAPPING_ONLY,SOURCE_TYPE_FIELD_CONTAINS_LABEL_NOT_CODE|SOURCE_DETAIL_FIELD_CONTAINS_TYPE_CODE|OFFICIAL_DETAIL_CODE_UNAVAILABLE_IN_ATTACHMENT|SOURCE_TYPE_FIELD_DUPLICATES_ITEM_NAME
2024,D3202074,(대장암)FullPACS,(대장암)FullPACS,D,D,D32,,2010,2024,True,True,INTERNAL_ONLY,CLAIM_ETL_MAPPING_ONLY,SOURCE_TYPE_FIELD_CONTAINS_LABEL_NOT_CODE|SOURCE_DETAIL_FIELD_CONTAINS_TYPE_CODE|OFFICIAL_DETAIL_CODE_UNAVAILABLE_IN_ATTACHMENT|SOURCE_TYPE_FIELD_DUPLICATES_ITEM_NAME
2024,D3202075,(대장암)대장내시경검사,(대장암)대장내시경검사,D,D,D32,,2010,2024,True,True,INTERNAL_ONLY,CLAIM_ETL_MAPPING_ONLY,SOURCE_TYPE_FIELD_CONTAINS_LABEL_NOT_CODE|SOURCE_DETAIL_FIELD_CONTAINS_TYPE_CODE|OFFICIAL_DETAIL_CODE_UNAVAILABLE_IN_ATTACHMENT|SOURCE_TYPE_FIELD_DUPLICATES_ITEM_NAME
2024,D3202076,(대장암)전처치재료4L,(대장암)전처치재료4L,D,D,D32,,2010,2024,True,True,INTERNAL_ONLY,CLAIM_ETL_MAPPING_ONLY,SOURCE_TYPE_FIELD_CONTAINS_LABEL_NOT_CODE|SOURCE_DETAIL_FIELD_CONTAINS_TYPE_CODE|OFFICIAL_DETAIL_CODE_UNAVAILABLE_IN_ATTACHMENT|SOURCE_TYPE_FIELD_DUPLICATES_ITEM_NAME
2024,D3202083,(대장암)전처치재료2L,(대장암)전처치재료2L,D,D,D32,,2014,2024,True,True,INTERNAL_ONLY,CLAIM_ETL_MAPPING_ONLY,SOURCE_TYPE_FIELD_CONTAINS_LABEL_NOT_CODE|SOURCE_DETAIL_FIELD_CONTAINS_TYPE_CODE|OFFICIAL_DETAIL_CODE_UNAVAILABLE_IN_ATTACHMENT|SOURCE_TYPE_FIELD_DUPLICATES_ITEM_NAME
2024,D3202085,(대장암)전처치재료354㎖,(대장암)전처치재료354㎖,D,D,D32,,2018,2024,True,True,INTERNAL_ONLY,CLAIM_ETL_MAPPING_ONLY,SOURCE_TYPE_FIELD_CONTAINS_LABEL_NOT_CODE|SOURCE_DETAIL_FIELD_CONTAINS_TYPE_CODE|OFFICIAL_DETAIL_CODE_UNAVAILABLE_IN_ATTACHMENT|SOURCE_TYPE_FIELD_DUPLICATES_ITEM_NAME
2024,D3202086,(대장암)전처치재료45.26g,(대장암)전처치재료45.26g,D,D,D32,,2020,2024,True,True,INTERNAL_ONLY,CLAIM_ETL_MAPPING_ONLY,SOURCE_TYPE_FIELD_CONTAINS_LABEL_NOT_CODE|SOURCE_DETAIL_FIELD_CONTAINS_TYPE_CODE|OFFICIAL_DETAIL_CODE_UNAVAILABLE_IN_ATTACHMENT|SOURCE_TYPE_FIELD_DUPLICATES_ITEM_NAME
2024,D3202087,(대장암)전처치재료1L,(대장암)전처치재료1L,D,D,D32,,2021,2024,True,True,INTERNAL_ONLY,CLAIM_ETL_MAPPING_ONLY,SOURCE_TYPE_FIELD_CONTAINS_LABEL_NOT_CODE|SOURCE_DETAIL_FIELD_CONTAINS_TYPE_CODE|OFFICIAL_DETAIL_CODE_UNAVAILABLE_IN_ATTACHMENT|SOURCE_TYPE_FIELD_DUPLICATES_ITEM_NAME
2024,D3301012,(유방암)유방촬영(직촬)-양측,(유방암)유방촬영(직촬)-양측,D,D,D33,,2007,2024,True,True,INTERNAL_ONLY,CLAIM_ETL_MAPPING_ONLY,SOURCE_TYPE_FIELD_CONTAINS_LABEL_NOT_CODE|SOURCE_DETAIL_FIELD_CONTAINS_TYPE_CODE|OFFICIAL_DETAIL_CODE_UNAVAILABLE_IN_ATTACHMENT|SOURCE_TYPE_FIELD_DUPLICATES_ITEM_NAME
2024,D3301013,(유방암)유방촬영(직촬)-편측,(유방암)유방촬영(직촬)-편측,D,D,D33,,2007,2024,True,True,INTERNAL_ONLY,CLAIM_ETL_MAPPING_ONLY,SOURCE_TYPE_FIELD_CONTAINS_LABEL_NOT_CODE|SOURCE_DETAIL_FIELD_CONTAINS_TYPE_CODE|OFFICIAL_DETAIL_CODE_UNAVAILABLE_IN_ATTACHMENT|SOURCE_TYPE_FIELD_DUPLICATES_ITEM_NAME
2024,D3301023,(유방암)상담료및행정비용,(유방암)상담료및행정비용,D,D,D33,,2007,2024,True,True,INTERNAL_ONLY,CLAIM_ETL_MAPPING_ONLY,SOURCE_TYPE_FIELD_CONTAINS_LABEL_NOT_CODE|SOURCE_DETAIL_FIELD_CONTAINS_TYPE_CODE|OFFICIAL_DETAIL_CODE_UNAVAILABLE_IN_ATTACHMENT|SOURCE_TYPE_FIELD_DUPLICATES_ITEM_NAME
2024,D3301039,(유방암)유방촬영(CR/DR)-양측,(유방암)유방촬영(CR/DR)-양측,D,D,D33,,2010,2024,True,True,INTERNAL_ONLY,CLAIM_ETL_MAPPING_ONLY,SOURCE_TYPE_FIELD_CONTAINS_LABEL_NOT_CODE|SOURCE_DETAIL_FIELD_CONTAINS_TYPE_CODE|OFFICIAL_DETAIL_CODE_UNAVAILABLE_IN_ATTACHMENT|SOURCE_TYPE_FIELD_DUPLICATES_ITEM_NAME
2024,D3301040,(유방암)유방촬영(FullPacs)-양측,(유방암)유방촬영(FullPacs)-양측,D,D,D33,,2010,2024,True,True,INTERNAL_ONLY,CLAIM_ETL_MAPPING_ONLY,SOURCE_TYPE_FIELD_CONTAINS_LABEL_NOT_CODE|SOURCE_DETAIL_FIELD_CONTAINS_TYPE_CODE|OFFICIAL_DETAIL_CODE_UNAVAILABLE_IN_ATTACHMENT|SOURCE_TYPE_FIELD_DUPLICATES_ITEM_NAME
2024,D3301041,(유방암)유방촬영(CR/DR)-편측,(유방암)유방촬영(CR/DR)-편측,D,D,D33,,2018,2024,True,True,INTERNAL_ONLY,CLAIM_ETL_MAPPING_ONLY,SOURCE_TYPE_FIELD_CONTAINS_LABEL_NOT_CODE|SOURCE_DETAIL_FIELD_CONTAINS_TYPE_CODE|OFFICIAL_DETAIL_CODE_UNAVAILABLE_IN_ATTACHMENT|SOURCE_TYPE_FIELD_DUPLICATES_ITEM_NAME
2024,D3301042,(유방암)유방촬영(FullPacs)-편측,(유방암)유방촬영(FullPacs)-편측,D,D,D33,,2018,2024,True,True,INTERNAL_ONLY,CLAIM_ETL_MAPPING_ONLY,SOURCE_TYPE_FIELD_CONTAINS_LABEL_NOT_CODE|SOURCE_DETAIL_FIELD_CONTAINS_TYPE_CODE|OFFICIAL_DETAIL_CODE_UNAVAILABLE_IN_ATTACHMENT|SOURCE_TYPE_FIELD_DUPLICATES_ITEM_NAME
2024,D3301047,(유방암)상담료공휴일가산,(유방암)상담료공휴일가산,D,D,D33,,2011,2024,True,True,INTERNAL_ONLY,CLAIM_ETL_MAPPING_ONLY,SOURCE_TYPE_FIELD_CONTAINS_LABEL_NOT_CODE|SOURCE_DETAIL_FIELD_CONTAINS_TYPE_CODE|OFFICIAL_DETAIL_CODE_UNAVAILABLE_IN_ATTACHMENT|SOURCE_TYPE_FIELD_DUPLICATES_ITEM_NAME
2024,D3301048,(유방암)장애인안전편의관리비,(유방암)장애인안전편의관리비,D,D,D33,,2018,2024,True,True,INTERNAL_ONLY,CLAIM_ETL_MAPPING_ONLY,SOURCE_TYPE_FIELD_CONTAINS_LABEL_NOT_CODE|SOURCE_DETAIL_FIELD_CONTAINS_TYPE_CODE|OFFICIAL_DETAIL_CODE_UNAVAILABLE_IN_ATTACHMENT|SOURCE_TYPE_FIELD_DUPLICATES_ITEM_NAME
2024,D3302065,(유방암)촬영및판독료-양측,(유방암)촬영및판독료-양측,D,D,D33,,2011,2024,True,True,INTERNAL_ONLY,CLAIM_ETL_MAPPING_ONLY,SOURCE_TYPE_FIELD_CONTAINS_LABEL_NOT_CODE|SOURCE_DETAIL_FIELD_CONTAINS_TYPE_CODE|OFFICIAL_DETAIL_CODE_UNAVAILABLE_IN_ATTACHMENT|SOURCE_TYPE_FIELD_DUPLICATES_ITEM_NAME
2024,D3302066,(유방암)필름료(유방전용필름:4매)-양측,(유방암)필름료(유방전용필름:4매)-양측,D,D,D33,,2011,2024,True,True,INTERNAL_ONLY,CLAIM_ETL_MAPPING_ONLY,SOURCE_TYPE_FIELD_CONTAINS_LABEL_NOT_CODE|SOURCE_DETAIL_FIELD_CONTAINS_TYPE_CODE|OFFICIAL_DETAIL_CODE_UNAVAILABLE_IN_ATTACHMENT|SOURCE_TYPE_FIELD_DUPLICATES_ITEM_NAME
2024,D3302067,(유방암)CRorDR-양측,(유방암)CRorDR-양측,D,D,D33,,2011,2024,True,True,INTERNAL_ONLY,CLAIM_ETL_MAPPING_ONLY,SOURCE_TYPE_FIELD_CONTAINS_LABEL_NOT_CODE|SOURCE_DETAIL_FIELD_CONTAINS_TYPE_CODE|OFFICIAL_DETAIL_CODE_UNAVAILABLE_IN_ATTACHMENT|SOURCE_TYPE_FIELD_DUPLICATES_ITEM_NAME
2024,D3302068,(유방암)FullPACS-양측,(유방암)FullPACS-양측,D,D,D33,,2011,2024,True,True,INTERNAL_ONLY,CLAIM_ETL_MAPPING_ONLY,SOURCE_TYPE_FIELD_CONTAINS_LABEL_NOT_CODE|SOURCE_DETAIL_FIELD_CONTAINS_TYPE_CODE|OFFICIAL_DETAIL_CODE_UNAVAILABLE_IN_ATTACHMENT|SOURCE_TYPE_FIELD_DUPLICATES_ITEM_NAME
2024,D3302070,(유방암)촬영및판독료-편측,(유방암)촬영및판독료-편측,D,D,D33,,2018,2024,True,True,INTERNAL_ONLY,CLAIM_ETL_MAPPING_ONLY,SOURCE_TYPE_FIELD_CONTAINS_LABEL_NOT_CODE|SOURCE_DETAIL_FIELD_CONTAINS_TYPE_CODE|OFFICIAL_DETAIL_CODE_UNAVAILABLE_IN_ATTACHMENT|SOURCE_TYPE_FIELD_DUPLICATES_ITEM_NAME
2024,D3302071,(유방암)필름료(유방전용필름:2매)-편측,(유방암)필름료(유방전용필름:2매)-편측,D,D,D33,,2018,2024,True,True,INTERNAL_ONLY,CLAIM_ETL_MAPPING_ONLY,SOURCE_TYPE_FIELD_CONTAINS_LABEL_NOT_CODE|SOURCE_DETAIL_FIELD_CONTAINS_TYPE_CODE|OFFICIAL_DETAIL_CODE_UNAVAILABLE_IN_ATTACHMENT|SOURCE_TYPE_FIELD_DUPLICATES_ITEM_NAME
2024,D3302072,(유방암)CRorDR-편측,(유방암)CRorDR-편측,D,D,D33,,2018,2024,True,True,INTERNAL_ONLY,CLAIM_ETL_MAPPING_ONLY,SOURCE_TYPE_FIELD_CONTAINS_LABEL_NOT_CODE|SOURCE_DETAIL_FIELD_CONTAINS_TYPE_CODE|OFFICIAL_DETAIL_CODE_UNAVAILABLE_IN_ATTACHMENT|SOURCE_TYPE_FIELD_DUPLICATES_ITEM_NAME
2024,D3302073,(유방암)FullPACS-편측,(유방암)FullPACS-편측,D,D,D33,,2018,2024,True,True,INTERNAL_ONLY,CLAIM_ETL_MAPPING_ONLY,SOURCE_TYPE_FIELD_CONTAINS_LABEL_NOT_CODE|SOURCE_DETAIL_FIELD_CONTAINS_TYPE_CODE|OFFICIAL_DETAIL_CODE_UNAVAILABLE_IN_ATTACHMENT|SOURCE_TYPE_FIELD_DUPLICATES_ITEM_NAME
2024,D3401005,(간암)초음파검사,(간암)초음파검사,D,D,D34,,2007,2024,True,True,INTERNAL_ONLY,CLAIM_ETL_MAPPING_ONLY,SOURCE_TYPE_FIELD_CONTAINS_LABEL_NOT_CODE|SOURCE_DETAIL_FIELD_CONTAINS_TYPE_CODE|OFFICIAL_DETAIL_CODE_UNAVAILABLE_IN_ATTACHMENT|SOURCE_TYPE_FIELD_DUPLICATES_ITEM_NAME
2024,D3401014,(간암)혈청알파태아단백(RPHA),(간암)혈청알파태아단백(RPHA),D,D,D34,,2007,2024,True,True,INTERNAL_ONLY,CLAIM_ETL_MAPPING_ONLY,SOURCE_TYPE_FIELD_CONTAINS_LABEL_NOT_CODE|SOURCE_DETAIL_FIELD_CONTAINS_TYPE_CODE|OFFICIAL_DETAIL_CODE_UNAVAILABLE_IN_ATTACHMENT|SOURCE_TYPE_FIELD_DUPLICATES_ITEM_NAME
2024,D3401015,(간암)혈청알파태아단백(EIA),(간암)혈청알파태아단백(EIA),D,D,D34,,2007,2024,True,True,INTERNAL_ONLY,CLAIM_ETL_MAPPING_ONLY,SOURCE_TYPE_FIELD_CONTAINS_LABEL_NOT_CODE|SOURCE_DETAIL_FIELD_CONTAINS_TYPE_CODE|OFFICIAL_DETAIL_CODE_UNAVAILABLE_IN_ATTACHMENT|SOURCE_TYPE_FIELD_DUPLICATES_ITEM_NAME
2024,D3401022,(간암)상담료및행정비용,(간암)상담료및행정비용,D,D,D34,,2007,2024,True,True,INTERNAL_ONLY,CLAIM_ETL_MAPPING_ONLY,SOURCE_TYPE_FIELD_CONTAINS_LABEL_NOT_CODE|SOURCE_DETAIL_FIELD_CONTAINS_TYPE_CODE|OFFICIAL_DETAIL_CODE_UNAVAILABLE_IN_ATTACHMENT|SOURCE_TYPE_FIELD_DUPLICATES_ITEM_NAME
2024,D3401041,(간암)혈청알파태아단백(RIA),(간암)혈청알파태아단백(RIA),D,D,D34,,2010,2024,True,True,INTERNAL_ONLY,CLAIM_ETL_MAPPING_ONLY,SOURCE_TYPE_FIELD_CONTAINS_LABEL_NOT_CODE|SOURCE_DETAIL_FIELD_CONTAINS_TYPE_CODE|OFFICIAL_DETAIL_CODE_UNAVAILABLE_IN_ATTACHMENT|SOURCE_TYPE_FIELD_DUPLICATES_ITEM_NAME
2024,D3401046,(간암)상담료공휴일가산,(간암)상담료공휴일가산,D,D,D34,,2011,2024,True,True,INTERNAL_ONLY,CLAIM_ETL_MAPPING_ONLY,SOURCE_TYPE_FIELD_CONTAINS_LABEL_NOT_CODE|SOURCE_DETAIL_FIELD_CONTAINS_TYPE_CODE|OFFICIAL_DETAIL_CODE_UNAVAILABLE_IN_ATTACHMENT|SOURCE_TYPE_FIELD_DUPLICATES_ITEM_NAME
2024,D3401047,(간암)장애인안전편의관리비,(간암)장애인안전편의관리비,D,D,D34,,2018,2024,True,True,INTERNAL_ONLY,CLAIM_ETL_MAPPING_ONLY,SOURCE_TYPE_FIELD_CONTAINS_LABEL_NOT_CODE|SOURCE_DETAIL_FIELD_CONTAINS_TYPE_CODE|OFFICIAL_DETAIL_CODE_UNAVAILABLE_IN_ATTACHMENT|SOURCE_TYPE_FIELD_DUPLICATES_ITEM_NAME
2024,D3501017,(자궁암)자궁경부세포검사,(자궁암)자궁경부세포검사,D,D,D35,,2007,2024,True,True,INTERNAL_ONLY,CLAIM_ETL_MAPPING_ONLY,SOURCE_TYPE_FIELD_CONTAINS_LABEL_NOT_CODE|SOURCE_DETAIL_FIELD_CONTAINS_TYPE_CODE|OFFICIAL_DETAIL_CODE_UNAVAILABLE_IN_ATTACHMENT|SOURCE_TYPE_FIELD_DUPLICATES_ITEM_NAME
2024,D3501024,(자궁암)상담료및행정비용,(자궁암)상담료및행정비용,D,D,D35,,2007,2024,True,True,INTERNAL_ONLY,CLAIM_ETL_MAPPING_ONLY,SOURCE_TYPE_FIELD_CONTAINS_LABEL_NOT_CODE|SOURCE_DETAIL_FIELD_CONTAINS_TYPE_CODE|OFFICIAL_DETAIL_CODE_UNAVAILABLE_IN_ATTACHMENT|SOURCE_TYPE_FIELD_DUPLICATES_ITEM_NAME
2024,D3501048,(자궁암)상담료공휴일가산,(자궁암)상담료공휴일가산,D,D,D35,,2011,2024,True,True,INTERNAL_ONLY,CLAIM_ETL_MAPPING_ONLY,SOURCE_TYPE_FIELD_CONTAINS_LABEL_NOT_CODE|SOURCE_DETAIL_FIELD_CONTAINS_TYPE_CODE|OFFICIAL_DETAIL_CODE_UNAVAILABLE_IN_ATTACHMENT|SOURCE_TYPE_FIELD_DUPLICATES_ITEM_NAME
2024,D3501049,(자궁암)장애인안전편의관리비,(자궁암)장애인안전편의관리비,D,D,D35,,2018,2024,True,True,INTERNAL_ONLY,CLAIM_ETL_MAPPING_ONLY,SOURCE_TYPE_FIELD_CONTAINS_LABEL_NOT_CODE|SOURCE_DETAIL_FIELD_CONTAINS_TYPE_CODE|OFFICIAL_DETAIL_CODE_UNAVAILABLE_IN_ATTACHMENT|SOURCE_TYPE_FIELD_DUPLICATES_ITEM_NAME
2024,D3502017,(자궁암)자궁경부세포검사(중복자궁),(자궁암)자궁경부세포검사(중복자궁),D,D,D35,,2014,2024,True,True,INTERNAL_ONLY,CLAIM_ETL_MAPPING_ONLY,SOURCE_TYPE_FIELD_CONTAINS_LABEL_NOT_CODE|SOURCE_DETAIL_FIELD_CONTAINS_TYPE_CODE|OFFICIAL_DETAIL_CODE_UNAVAILABLE_IN_ATTACHMENT|SOURCE_TYPE_FIELD_DUPLICATES_ITEM_NAME
2024,D3601005,(간암하)초음파검사,(간암하)초음파검사,D,D,D36,,2016,2024,True,True,INTERNAL_ONLY,CLAIM_ETL_MAPPING_ONLY,SOURCE_TYPE_FIELD_CONTAINS_LABEL_NOT_CODE|SOURCE_DETAIL_FIELD_CONTAINS_TYPE_CODE|OFFICIAL_DETAIL_CODE_UNAVAILABLE_IN_ATTACHMENT|SOURCE_TYPE_FIELD_DUPLICATES_ITEM_NAME
2024,D3601014,(간암하)혈청알파태아단백(RPHA),(간암하)혈청알파태아단백(RPHA),D,D,D36,,2016,2024,True,True,INTERNAL_ONLY,CLAIM_ETL_MAPPING_ONLY,SOURCE_TYPE_FIELD_CONTAINS_LABEL_NOT_CODE|SOURCE_DETAIL_FIELD_CONTAINS_TYPE_CODE|OFFICIAL_DETAIL_CODE_UNAVAILABLE_IN_ATTACHMENT|SOURCE_TYPE_FIELD_DUPLICATES_ITEM_NAME
2024,D3601015,(간암하)혈청알파태아단백(EIA),(간암하)혈청알파태아단백(EIA),D,D,D36,,2016,2024,True,True,INTERNAL_ONLY,CLAIM_ETL_MAPPING_ONLY,SOURCE_TYPE_FIELD_CONTAINS_LABEL_NOT_CODE|SOURCE_DETAIL_FIELD_CONTAINS_TYPE_CODE|OFFICIAL_DETAIL_CODE_UNAVAILABLE_IN_ATTACHMENT|SOURCE_TYPE_FIELD_DUPLICATES_ITEM_NAME
2024,D3601022,(간암하)상담료및행정비용,(간암하)상담료및행정비용,D,D,D36,,2016,2024,True,True,INTERNAL_ONLY,CLAIM_ETL_MAPPING_ONLY,SOURCE_TYPE_FIELD_CONTAINS_LABEL_NOT_CODE|SOURCE_DETAIL_FIELD_CONTAINS_TYPE_CODE|OFFICIAL_DETAIL_CODE_UNAVAILABLE_IN_ATTACHMENT|SOURCE_TYPE_FIELD_DUPLICATES_ITEM_NAME
2024,D3601041,(간암하)혈청알파태아단백(RIA),(간암하)혈청알파태아단백(RIA),D,D,D36,,2016,2024,True,True,INTERNAL_ONLY,CLAIM_ETL_MAPPING_ONLY,SOURCE_TYPE_FIELD_CONTAINS_LABEL_NOT_CODE|SOURCE_DETAIL_FIELD_CONTAINS_TYPE_CODE|OFFICIAL_DETAIL_CODE_UNAVAILABLE_IN_ATTACHMENT|SOURCE_TYPE_FIELD_DUPLICATES_ITEM_NAME
2024,D3601046,(간암하)상담료공휴일가산,(간암하)상담료공휴일가산,D,D,D36,,2016,2024,True,True,INTERNAL_ONLY,CLAIM_ETL_MAPPING_ONLY,SOURCE_TYPE_FIELD_CONTAINS_LABEL_NOT_CODE|SOURCE_DETAIL_FIELD_CONTAINS_TYPE_CODE|OFFICIAL_DETAIL_CODE_UNAVAILABLE_IN_ATTACHMENT|SOURCE_TYPE_FIELD_DUPLICATES_ITEM_NAME
2024,D3601047,(간암하)장애인안전편의관리비,(간암하)장애인안전편의관리비,D,D,D36,,2018,2024,True,True,INTERNAL_ONLY,CLAIM_ETL_MAPPING_ONLY,SOURCE_TYPE_FIELD_CONTAINS_LABEL_NOT_CODE|SOURCE_DETAIL_FIELD_CONTAINS_TYPE_CODE|OFFICIAL_DETAIL_CODE_UNAVAILABLE_IN_ATTACHMENT|SOURCE_TYPE_FIELD_DUPLICATES_ITEM_NAME
2024,D3701001,(폐암)상담료및행정비용,(폐암)상담료및행정비용,D,D,D37,,2019,2024,True,True,INTERNAL_ONLY,CLAIM_ETL_MAPPING_ONLY,SOURCE_TYPE_FIELD_CONTAINS_LABEL_NOT_CODE|SOURCE_DETAIL_FIELD_CONTAINS_TYPE_CODE|OFFICIAL_DETAIL_CODE_UNAVAILABLE_IN_ATTACHMENT|SOURCE_TYPE_FIELD_DUPLICATES_ITEM_NAME
2024,D3701002,(폐암)저선량흉부CT검사,(폐암)저선량흉부CT검사,D,D,D37,,2019,2024,True,True,INTERNAL_ONLY,CLAIM_ETL_MAPPING_ONLY,SOURCE_TYPE_FIELD_CONTAINS_LABEL_NOT_CODE|SOURCE_DETAIL_FIELD_CONTAINS_TYPE_CODE|OFFICIAL_DETAIL_CODE_UNAVAILABLE_IN_ATTACHMENT|SOURCE_TYPE_FIELD_DUPLICATES_ITEM_NAME
2024,D3701003,(폐암)사후결과상담,(폐암)사후결과상담,D,D,D37,,2019,2024,True,True,INTERNAL_ONLY,CLAIM_ETL_MAPPING_ONLY,SOURCE_TYPE_FIELD_CONTAINS_LABEL_NOT_CODE|SOURCE_DETAIL_FIELD_CONTAINS_TYPE_CODE|OFFICIAL_DETAIL_CODE_UNAVAILABLE_IN_ATTACHMENT|SOURCE_TYPE_FIELD_DUPLICATES_ITEM_NAME
2024,D3701004,(폐암)상담료공휴일가산,(폐암)상담료공휴일가산,D,D,D37,,2019,2024,True,True,INTERNAL_ONLY,CLAIM_ETL_MAPPING_ONLY,SOURCE_TYPE_FIELD_CONTAINS_LABEL_NOT_CODE|SOURCE_DETAIL_FIELD_CONTAINS_TYPE_CODE|OFFICIAL_DETAIL_CODE_UNAVAILABLE_IN_ATTACHMENT|SOURCE_TYPE_FIELD_DUPLICATES_ITEM_NAME
2024,P1101001,상담료,상담료,P,P,P11,,2016,2024,True,True,INTERNAL_ONLY,CLAIM_ETL_MAPPING_ONLY,SOURCE_TYPE_FIELD_CONTAINS_LABEL_NOT_CODE|SOURCE_DETAIL_FIELD_CONTAINS_TYPE_CODE|OFFICIAL_DETAIL_CODE_UNAVAILABLE_IN_ATTACHMENT|SOURCE_TYPE_FIELD_DUPLICATES_ITEM_NAME
2024,P1101003,흉부방사선직촬14*14,흉부방사선직촬14*14,P,P,P11,,2016,2024,True,True,INTERNAL_ONLY,CLAIM_ETL_MAPPING_ONLY,SOURCE_TYPE_FIELD_CONTAINS_LABEL_NOT_CODE|SOURCE_DETAIL_FIELD_CONTAINS_TYPE_CODE|OFFICIAL_DETAIL_CODE_UNAVAILABLE_IN_ATTACHMENT|SOURCE_TYPE_FIELD_DUPLICATES_ITEM_NAME
2024,P1101004,흉부방사선직촬14*17,흉부방사선직촬14*17,P,P,P11,,2016,2024,True,True,INTERNAL_ONLY,CLAIM_ETL_MAPPING_ONLY,SOURCE_TYPE_FIELD_CONTAINS_LABEL_NOT_CODE|SOURCE_DETAIL_FIELD_CONTAINS_TYPE_CODE|OFFICIAL_DETAIL_CODE_UNAVAILABLE_IN_ATTACHMENT|SOURCE_TYPE_FIELD_DUPLICATES_ITEM_NAME
2024,P1101005,요검사,요검사,P,P,P11,,2016,2024,True,True,INTERNAL_ONLY,CLAIM_ETL_MAPPING_ONLY,SOURCE_TYPE_FIELD_CONTAINS_LABEL_NOT_CODE|SOURCE_DETAIL_FIELD_CONTAINS_TYPE_CODE|OFFICIAL_DETAIL_CODE_UNAVAILABLE_IN_ATTACHMENT|SOURCE_TYPE_FIELD_DUPLICATES_ITEM_NAME
2024,P1101006,AST(SGOT),AST(SGOT),P,P,P11,,2016,2024,True,True,INTERNAL_ONLY,CLAIM_ETL_MAPPING_ONLY,SOURCE_TYPE_FIELD_CONTAINS_LABEL_NOT_CODE|SOURCE_DETAIL_FIELD_CONTAINS_TYPE_CODE|OFFICIAL_DETAIL_CODE_UNAVAILABLE_IN_ATTACHMENT|SOURCE_TYPE_FIELD_DUPLICATES_ITEM_NAME
2024,P1101007,ALT(SGPT),ALT(SGPT),P,P,P11,,2016,2024,True,True,INTERNAL_ONLY,CLAIM_ETL_MAPPING_ONLY,SOURCE_TYPE_FIELD_CONTAINS_LABEL_NOT_CODE|SOURCE_DETAIL_FIELD_CONTAINS_TYPE_CODE|OFFICIAL_DETAIL_CODE_UNAVAILABLE_IN_ATTACHMENT|SOURCE_TYPE_FIELD_DUPLICATES_ITEM_NAME
2024,P1101010,총콜레스테롤,총콜레스테롤,P,P,P11,,2016,2024,True,True,INTERNAL_ONLY,CLAIM_ETL_MAPPING_ONLY,SOURCE_TYPE_FIELD_CONTAINS_LABEL_NOT_CODE|SOURCE_DETAIL_FIELD_CONTAINS_TYPE_CODE|OFFICIAL_DETAIL_CODE_UNAVAILABLE_IN_ATTACHMENT|SOURCE_TYPE_FIELD_DUPLICATES_ITEM_NAME
2024,P1101013,혈색소,혈색소,P,P,P11,,2016,2024,True,True,INTERNAL_ONLY,CLAIM_ETL_MAPPING_ONLY,SOURCE_TYPE_FIELD_CONTAINS_LABEL_NOT_CODE|SOURCE_DETAIL_FIELD_CONTAINS_TYPE_CODE|OFFICIAL_DETAIL_CODE_UNAVAILABLE_IN_ATTACHMENT|SOURCE_TYPE_FIELD_DUPLICATES_ITEM_NAME
2024,P1101014,공복혈당,공복혈당,P,P,P11,,2016,2024,True,True,INTERNAL_ONLY,CLAIM_ETL_MAPPING_ONLY,SOURCE_TYPE_FIELD_CONTAINS_LABEL_NOT_CODE|SOURCE_DETAIL_FIELD_CONTAINS_TYPE_CODE|OFFICIAL_DETAIL_CODE_UNAVAILABLE_IN_ATTACHMENT|SOURCE_TYPE_FIELD_DUPLICATES_ITEM_NAME
2024,P1101015,B형간염표면항원(일반),B형간염표면항원(일반),P,P,P11,,2016,2024,True,True,INTERNAL_ONLY,CLAIM_ETL_MAPPING_ONLY,SOURCE_TYPE_FIELD_CONTAINS_LABEL_NOT_CODE|SOURCE_DETAIL_FIELD_CONTAINS_TYPE_CODE|OFFICIAL_DETAIL_CODE_UNAVAILABLE_IN_ATTACHMENT|SOURCE_TYPE_FIELD_DUPLICATES_ITEM_NAME
2024,P1101016,B형간염표면항원(정밀EIA),B형간염표면항원(정밀EIA),P,P,P11,,2016,2024,True,True,INTERNAL_ONLY,CLAIM_ETL_MAPPING_ONLY,SOURCE_TYPE_FIELD_CONTAINS_LABEL_NOT_CODE|SOURCE_DETAIL_FIELD_CONTAINS_TYPE_CODE|OFFICIAL_DETAIL_CODE_UNAVAILABLE_IN_ATTACHMENT|SOURCE_TYPE_FIELD_DUPLICATES_ITEM_NAME
2024,P1101022,B형간염표면항체(일반),B형간염표면항체(일반),P,P,P11,,2016,2024,True,True,INTERNAL_ONLY,CLAIM_ETL_MAPPING_ONLY,SOURCE_TYPE_FIELD_CONTAINS_LABEL_NOT_CODE|SOURCE_DETAIL_FIELD_CONTAINS_TYPE_CODE|OFFICIAL_DETAIL_CODE_UNAVAILABLE_IN_ATTACHMENT|SOURCE_TYPE_FIELD_DUPLICATES_ITEM_NAME
2024,P1101023,B형간염표면항체(정밀EIA),B형간염표면항체(정밀EIA),P,P,P11,,2016,2024,True,True,INTERNAL_ONLY,CLAIM_ETL_MAPPING_ONLY,SOURCE_TYPE_FIELD_CONTAINS_LABEL_NOT_CODE|SOURCE_DETAIL_FIELD_CONTAINS_TYPE_CODE|OFFICIAL_DETAIL_CODE_UNAVAILABLE_IN_ATTACHMENT|SOURCE_TYPE_FIELD_DUPLICATES_ITEM_NAME
2024,P1101024,흉부방사선CR/DR,흉부방사선CR/DR,P,P,P11,,2016,2024,True,True,INTERNAL_ONLY,CLAIM_ETL_MAPPING_ONLY,SOURCE_TYPE_FIELD_CONTAINS_LABEL_NOT_CODE|SOURCE_DETAIL_FIELD_CONTAINS_TYPE_CODE|OFFICIAL_DETAIL_CODE_UNAVAILABLE_IN_ATTACHMENT|SOURCE_TYPE_FIELD_DUPLICATES_ITEM_NAME
2024,P1101025,흉부방사선FullPacs,흉부방사선FullPacs,P,P,P11,,2016,2024,True,True,INTERNAL_ONLY,CLAIM_ETL_MAPPING_ONLY,SOURCE_TYPE_FIELD_CONTAINS_LABEL_NOT_CODE|SOURCE_DETAIL_FIELD_CONTAINS_TYPE_CODE|OFFICIAL_DETAIL_CODE_UNAVAILABLE_IN_ATTACHMENT|SOURCE_TYPE_FIELD_DUPLICATES_ITEM_NAME
2024,P1101026,B형간염표면항원(정밀RIA),B형간염표면항원(정밀RIA),P,P,P11,,2016,2024,True,True,INTERNAL_ONLY,CLAIM_ETL_MAPPING_ONLY,SOURCE_TYPE_FIELD_CONTAINS_LABEL_NOT_CODE|SOURCE_DETAIL_FIELD_CONTAINS_TYPE_CODE|OFFICIAL_DETAIL_CODE_UNAVAILABLE_IN_ATTACHMENT|SOURCE_TYPE_FIELD_DUPLICATES_ITEM_NAME
2024,P1101027,B형간염표면항체(정밀RIA),B형간염표면항체(정밀RIA),P,P,P11,,2016,2024,True,True,INTERNAL_ONLY,CLAIM_ETL_MAPPING_ONLY,SOURCE_TYPE_FIELD_CONTAINS_LABEL_NOT_CODE|SOURCE_DETAIL_FIELD_CONTAINS_TYPE_CODE|OFFICIAL_DETAIL_CODE_UNAVAILABLE_IN_ATTACHMENT|SOURCE_TYPE_FIELD_DUPLICATES_ITEM_NAME
2024,P1101028,(기본검진)상담료공휴일가산,(기본검진)상담료공휴일가산,P,P,P11,,2016,2024,True,True,INTERNAL_ONLY,CLAIM_ETL_MAPPING_ONLY,SOURCE_TYPE_FIELD_CONTAINS_LABEL_NOT_CODE|SOURCE_DETAIL_FIELD_CONTAINS_TYPE_CODE|OFFICIAL_DETAIL_CODE_UNAVAILABLE_IN_ATTACHMENT|SOURCE_TYPE_FIELD_DUPLICATES_ITEM_NAME
2024,P1101029,장애인안전편의관리비,장애인안전편의관리비,P,P,P11,,2018,2024,True,True,INTERNAL_ONLY,CLAIM_ETL_MAPPING_ONLY,SOURCE_TYPE_FIELD_CONTAINS_LABEL_NOT_CODE|SOURCE_DETAIL_FIELD_CONTAINS_TYPE_CODE|OFFICIAL_DETAIL_CODE_UNAVAILABLE_IN_ATTACHMENT|SOURCE_TYPE_FIELD_DUPLICATES_ITEM_NAME
2024,P1101030,C형간염항체(일반),C형간염항체(일반),P,P,P11,,2018,2024,True,True,INTERNAL_ONLY,CLAIM_ETL_MAPPING_ONLY,SOURCE_TYPE_FIELD_CONTAINS_LABEL_NOT_CODE|SOURCE_DETAIL_FIELD_CONTAINS_TYPE_CODE|OFFICIAL_DETAIL_CODE_UNAVAILABLE_IN_ATTACHMENT|SOURCE_TYPE_FIELD_DUPLICATES_ITEM_NAME
2024,P1101031,C형간염항체(EIA),C형간염항체(EIA),P,P,P11,,2018,2024,True,True,INTERNAL_ONLY,CLAIM_ETL_MAPPING_ONLY,SOURCE_TYPE_FIELD_CONTAINS_LABEL_NOT_CODE|SOURCE_DETAIL_FIELD_CONTAINS_TYPE_CODE|OFFICIAL_DETAIL_CODE_UNAVAILABLE_IN_ATTACHMENT|SOURCE_TYPE_FIELD_DUPLICATES_ITEM_NAME
2024,P1101032,C형간염항체(RIA),C형간염항체(RIA),P,P,P11,,2018,2024,True,True,INTERNAL_ONLY,CLAIM_ETL_MAPPING_ONLY,SOURCE_TYPE_FIELD_CONTAINS_LABEL_NOT_CODE|SOURCE_DETAIL_FIELD_CONTAINS_TYPE_CODE|OFFICIAL_DETAIL_CODE_UNAVAILABLE_IN_ATTACHMENT|SOURCE_TYPE_FIELD_DUPLICATES_ITEM_NAME
2024,P1101033,중성지방,중성지방,P,P,P11,,2024,2024,True,True,INTERNAL_ONLY,CLAIM_ETL_MAPPING_ONLY,SOURCE_TYPE_FIELD_CONTAINS_LABEL_NOT_CODE|SOURCE_DETAIL_FIELD_CONTAINS_TYPE_CODE|OFFICIAL_DETAIL_CODE_UNAVAILABLE_IN_ATTACHMENT|SOURCE_TYPE_FIELD_DUPLICATES_ITEM_NAME
2024,P1101034,HDL콜레스테롤,HDL콜레스테롤,P,P,P11,,2024,2024,True,True,INTERNAL_ONLY,CLAIM_ETL_MAPPING_ONLY,SOURCE_TYPE_FIELD_CONTAINS_LABEL_NOT_CODE|SOURCE_DETAIL_FIELD_CONTAINS_TYPE_CODE|OFFICIAL_DETAIL_CODE_UNAVAILABLE_IN_ATTACHMENT|SOURCE_TYPE_FIELD_DUPLICATES_ITEM_NAME
2024,P1101035,LDL콜레스테롤,LDL콜레스테롤,P,P,P11,,2024,2024,True,True,INTERNAL_ONLY,CLAIM_ETL_MAPPING_ONLY,SOURCE_TYPE_FIELD_CONTAINS_LABEL_NOT_CODE|SOURCE_DETAIL_FIELD_CONTAINS_TYPE_CODE|OFFICIAL_DETAIL_CODE_UNAVAILABLE_IN_ATTACHMENT|SOURCE_TYPE_FIELD_DUPLICATES_ITEM_NAME
2024,P2101001,상담료및행정비용,상담료및행정비용,P,P,P21,,2016,2024,True,True,INTERNAL_ONLY,CLAIM_ETL_MAPPING_ONLY,SOURCE_TYPE_FIELD_CONTAINS_LABEL_NOT_CODE|SOURCE_DETAIL_FIELD_CONTAINS_TYPE_CODE|OFFICIAL_DETAIL_CODE_UNAVAILABLE_IN_ATTACHMENT|SOURCE_TYPE_FIELD_DUPLICATES_ITEM_NAME
2024,P2101005,매독혈청일반,매독혈청일반,P,P,P21,,2016,2024,True,True,INTERNAL_ONLY,CLAIM_ETL_MAPPING_ONLY,SOURCE_TYPE_FIELD_CONTAINS_LABEL_NOT_CODE|SOURCE_DETAIL_FIELD_CONTAINS_TYPE_CODE|OFFICIAL_DETAIL_CODE_UNAVAILABLE_IN_ATTACHMENT|SOURCE_TYPE_FIELD_DUPLICATES_ITEM_NAME
2024,P2101006,매독혈청정밀,매독혈청정밀,P,P,P21,,2016,2024,True,True,INTERNAL_ONLY,CLAIM_ETL_MAPPING_ONLY,SOURCE_TYPE_FIELD_CONTAINS_LABEL_NOT_CODE|SOURCE_DETAIL_FIELD_CONTAINS_TYPE_CODE|OFFICIAL_DETAIL_CODE_UNAVAILABLE_IN_ATTACHMENT|SOURCE_TYPE_FIELD_DUPLICATES_ITEM_NAME
2024,P2101007,HIV일반,HIV일반,P,P,P21,,2016,2024,True,True,INTERNAL_ONLY,CLAIM_ETL_MAPPING_ONLY,SOURCE_TYPE_FIELD_CONTAINS_LABEL_NOT_CODE|SOURCE_DETAIL_FIELD_CONTAINS_TYPE_CODE|OFFICIAL_DETAIL_CODE_UNAVAILABLE_IN_ATTACHMENT|SOURCE_TYPE_FIELD_DUPLICATES_ITEM_NAME
2024,P2101008,HIV정밀,HIV정밀,P,P,P21,,2016,2024,True,True,INTERNAL_ONLY,CLAIM_ETL_MAPPING_ONLY,SOURCE_TYPE_FIELD_CONTAINS_LABEL_NOT_CODE|SOURCE_DETAIL_FIELD_CONTAINS_TYPE_CODE|OFFICIAL_DETAIL_CODE_UNAVAILABLE_IN_ATTACHMENT|SOURCE_TYPE_FIELD_DUPLICATES_ITEM_NAME
2024,P2101009,HIV항원/항체동시선별,HIV항원/항체동시선별,P,P,P21,,2016,2024,True,True,INTERNAL_ONLY,CLAIM_ETL_MAPPING_ONLY,SOURCE_TYPE_FIELD_CONTAINS_LABEL_NOT_CODE|SOURCE_DETAIL_FIELD_CONTAINS_TYPE_CODE|OFFICIAL_DETAIL_CODE_UNAVAILABLE_IN_ATTACHMENT|SOURCE_TYPE_FIELD_DUPLICATES_ITEM_NAME
2024,P2101010,(추가검진)상담료공휴일가산,(추가검진)상담료공휴일가산,P,P,P21,,2016,2024,True,True,INTERNAL_ONLY,CLAIM_ETL_MAPPING_ONLY,SOURCE_TYPE_FIELD_CONTAINS_LABEL_NOT_CODE|SOURCE_DETAIL_FIELD_CONTAINS_TYPE_CODE|OFFICIAL_DETAIL_CODE_UNAVAILABLE_IN_ATTACHMENT|SOURCE_TYPE_FIELD_DUPLICATES_ITEM_NAME
2024,P2101011,성매개질환,성매개질환,P,P,P21,,2019,2024,True,True,INTERNAL_ONLY,CLAIM_ETL_MAPPING_ONLY,SOURCE_TYPE_FIELD_CONTAINS_LABEL_NOT_CODE|SOURCE_DETAIL_FIELD_CONTAINS_TYPE_CODE|OFFICIAL_DETAIL_CODE_UNAVAILABLE_IN_ATTACHMENT|SOURCE_TYPE_FIELD_DUPLICATES_ITEM_NAME
2024,P2101029,장애인안전편의관리비,장애인안전편의관리비,P,P,P21,,2019,2024,True,True,INTERNAL_ONLY,CLAIM_ETL_MAPPING_ONLY,SOURCE_TYPE_FIELD_CONTAINS_LABEL_NOT_CODE|SOURCE_DETAIL_FIELD_CONTAINS_TYPE_CODE|OFFICIAL_DETAIL_CODE_UNAVAILABLE_IN_ATTACHMENT|SOURCE_TYPE_FIELD_DUPLICATES_ITEM_NAME
2024,P3101001,상담료,상담료,P,P,P31,,2018,2024,True,True,INTERNAL_ONLY,CLAIM_ETL_MAPPING_ONLY,SOURCE_TYPE_FIELD_CONTAINS_LABEL_NOT_CODE|SOURCE_DETAIL_FIELD_CONTAINS_TYPE_CODE|OFFICIAL_DETAIL_CODE_UNAVAILABLE_IN_ATTACHMENT|SOURCE_TYPE_FIELD_DUPLICATES_ITEM_NAME
2024,P3101002,공휴일가산,공휴일가산,P,P,P31,,2018,2024,True,True,INTERNAL_ONLY,CLAIM_ETL_MAPPING_ONLY,SOURCE_TYPE_FIELD_CONTAINS_LABEL_NOT_CODE|SOURCE_DETAIL_FIELD_CONTAINS_TYPE_CODE|OFFICIAL_DETAIL_CODE_UNAVAILABLE_IN_ATTACHMENT|SOURCE_TYPE_FIELD_DUPLICATES_ITEM_NAME
2024,P3102005,요검사,요검사,P,P,P31,,2018,2024,True,True,INTERNAL_ONLY,CLAIM_ETL_MAPPING_ONLY,SOURCE_TYPE_FIELD_CONTAINS_LABEL_NOT_CODE|SOURCE_DETAIL_FIELD_CONTAINS_TYPE_CODE|OFFICIAL_DETAIL_CODE_UNAVAILABLE_IN_ATTACHMENT|SOURCE_TYPE_FIELD_DUPLICATES_ITEM_NAME
2024,P3103010,총콜레스테롤,총콜레스테롤,P,P,P31,,2018,2024,True,True,INTERNAL_ONLY,CLAIM_ETL_MAPPING_ONLY,SOURCE_TYPE_FIELD_CONTAINS_LABEL_NOT_CODE|SOURCE_DETAIL_FIELD_CONTAINS_TYPE_CODE|OFFICIAL_DETAIL_CODE_UNAVAILABLE_IN_ATTACHMENT|SOURCE_TYPE_FIELD_DUPLICATES_ITEM_NAME
2024,P3103011,중성지방,중성지방,P,P,P31,,2018,2024,True,True,INTERNAL_ONLY,CLAIM_ETL_MAPPING_ONLY,SOURCE_TYPE_FIELD_CONTAINS_LABEL_NOT_CODE|SOURCE_DETAIL_FIELD_CONTAINS_TYPE_CODE|OFFICIAL_DETAIL_CODE_UNAVAILABLE_IN_ATTACHMENT|SOURCE_TYPE_FIELD_DUPLICATES_ITEM_NAME
2024,P3103012,HDL콜레스테롤,HDL콜레스테롤,P,P,P31,,2018,2024,True,True,INTERNAL_ONLY,CLAIM_ETL_MAPPING_ONLY,SOURCE_TYPE_FIELD_CONTAINS_LABEL_NOT_CODE|SOURCE_DETAIL_FIELD_CONTAINS_TYPE_CODE|OFFICIAL_DETAIL_CODE_UNAVAILABLE_IN_ATTACHMENT|SOURCE_TYPE_FIELD_DUPLICATES_ITEM_NAME
2024,P3103014,공복혈당,공복혈당,P,P,P31,,2018,2024,True,True,INTERNAL_ONLY,CLAIM_ETL_MAPPING_ONLY,SOURCE_TYPE_FIELD_CONTAINS_LABEL_NOT_CODE|SOURCE_DETAIL_FIELD_CONTAINS_TYPE_CODE|OFFICIAL_DETAIL_CODE_UNAVAILABLE_IN_ATTACHMENT|SOURCE_TYPE_FIELD_DUPLICATES_ITEM_NAME
2024,P3103028,LDL콜레스테롤,LDL콜레스테롤,P,P,P31,,2018,2024,True,True,INTERNAL_ONLY,CLAIM_ETL_MAPPING_ONLY,SOURCE_TYPE_FIELD_CONTAINS_LABEL_NOT_CODE|SOURCE_DETAIL_FIELD_CONTAINS_TYPE_CODE|OFFICIAL_DETAIL_CODE_UNAVAILABLE_IN_ATTACHMENT|SOURCE_TYPE_FIELD_DUPLICATES_ITEM_NAME
2024,P3104051,실시간역전사중합효소연쇄반응법(정성),실시간역전사중합효소연쇄반응법(정성),P,P,P31,,2018,2024,True,True,INTERNAL_ONLY,CLAIM_ETL_MAPPING_ONLY,SOURCE_TYPE_FIELD_CONTAINS_LABEL_NOT_CODE|SOURCE_DETAIL_FIELD_CONTAINS_TYPE_CODE|OFFICIAL_DETAIL_CODE_UNAVAILABLE_IN_ATTACHMENT|SOURCE_TYPE_FIELD_DUPLICATES_ITEM_NAME
2024,P3104052,실시간역전사중합효소연쇄반응법(정량),실시간역전사중합효소연쇄반응법(정량),P,P,P31,,2018,2024,True,True,INTERNAL_ONLY,CLAIM_ETL_MAPPING_ONLY,SOURCE_TYPE_FIELD_CONTAINS_LABEL_NOT_CODE|SOURCE_DETAIL_FIELD_CONTAINS_TYPE_CODE|OFFICIAL_DETAIL_CODE_UNAVAILABLE_IN_ATTACHMENT|SOURCE_TYPE_FIELD_DUPLICATES_ITEM_NAME
2024,P3105053,매독감작혈구응집[일반면역검사](정성),매독감작혈구응집[일반면역검사](정성),P,P,P31,,2018,2024,True,True,INTERNAL_ONLY,CLAIM_ETL_MAPPING_ONLY,SOURCE_TYPE_FIELD_CONTAINS_LABEL_NOT_CODE|SOURCE_DETAIL_FIELD_CONTAINS_TYPE_CODE|OFFICIAL_DETAIL_CODE_UNAVAILABLE_IN_ATTACHMENT|SOURCE_TYPE_FIELD_DUPLICATES_ITEM_NAME
2024,P3105054,매독감작혈구응집[일반면역검사](역가),매독감작혈구응집[일반면역검사](역가),P,P,P31,,2018,2024,True,True,INTERNAL_ONLY,CLAIM_ETL_MAPPING_ONLY,SOURCE_TYPE_FIELD_CONTAINS_LABEL_NOT_CODE|SOURCE_DETAIL_FIELD_CONTAINS_TYPE_CODE|OFFICIAL_DETAIL_CODE_UNAVAILABLE_IN_ATTACHMENT|SOURCE_TYPE_FIELD_DUPLICATES_ITEM_NAME
2024,P3105055,매독항체[정밀면역검사](정성),매독항체[정밀면역검사](정성),P,P,P31,,2018,2024,True,True,INTERNAL_ONLY,CLAIM_ETL_MAPPING_ONLY,SOURCE_TYPE_FIELD_CONTAINS_LABEL_NOT_CODE|SOURCE_DETAIL_FIELD_CONTAINS_TYPE_CODE|OFFICIAL_DETAIL_CODE_UNAVAILABLE_IN_ATTACHMENT|SOURCE_TYPE_FIELD_DUPLICATES_ITEM_NAME
2024,P3106056,장애인안전편의관리비,장애인안전편의관리비,P,P,P31,,2018,2024,True,True,INTERNAL_ONLY,CLAIM_ETL_MAPPING_ONLY,SOURCE_TYPE_FIELD_CONTAINS_LABEL_NOT_CODE|SOURCE_DETAIL_FIELD_CONTAINS_TYPE_CODE|OFFICIAL_DETAIL_CODE_UNAVAILABLE_IN_ATTACHMENT|SOURCE_TYPE_FIELD_DUPLICATES_ITEM_NAME
2024,Q1101001,구강검사및구강건강상담,구강검사및구강건강상담,Q,Q,Q11,,2016,2024,True,True,INTERNAL_ONLY,CLAIM_ETL_MAPPING_ONLY,SOURCE_TYPE_FIELD_CONTAINS_LABEL_NOT_CODE|SOURCE_DETAIL_FIELD_CONTAINS_TYPE_CODE|OFFICIAL_DETAIL_CODE_UNAVAILABLE_IN_ATTACHMENT|SOURCE_TYPE_FIELD_DUPLICATES_ITEM_NAME
2024,Q1101002,(구강검진)검사및상담공휴일가산,(구강검진)검사및상담공휴일가산,Q,Q,Q11,,2016,2024,True,True,INTERNAL_ONLY,CLAIM_ETL_MAPPING_ONLY,SOURCE_TYPE_FIELD_CONTAINS_LABEL_NOT_CODE|SOURCE_DETAIL_FIELD_CONTAINS_TYPE_CODE|OFFICIAL_DETAIL_CODE_UNAVAILABLE_IN_ATTACHMENT|SOURCE_TYPE_FIELD_DUPLICATES_ITEM_NAME
